held_out_half,length_band,panel,intercept,time_slope_per_year,month_2,month_3,month_4,month_5,month_6,month_7,month_8,month_9,month_10,month_11,month_12
0,0,Early,-2.4751374914052153,0.006944069713819777,-0.023257910308962845,-0.04954853381012853,-0.09193027116715848,-0.26288174493244665,-0.0806934077336624,-0.007389823167952017,-0.1276051808611151,0.0032920277221579744,0.04996488494453572,-0.07052601734147466,0.0020245444758071147
0,0,Intermediate,-2.3196433489677695,0.009273644388702821,0.18620372991996753,-0.002843076076480033,-0.06912810011809398,0.1346031404705286,0.12221163029054752,0.020648623549776694,0.0950089047995636,0.08566378867437502,0.12441930511926087,0.0830988965092593,0.17085022175107864
0,0,Latest,-1.9653622279435872,-0.01700572926602205,-0.0341318161217893,-0.11356827072438203,-0.03265185328168657,-0.1134090336061721,0.18906138678736728,0.027509906688273827,-0.06819691065086211,-0.00570412446021831,-0.0026830468498076805,-0.1228224825356383,0.029292623166335123
0,0,Combined,-1.074122791588953,-0.010675959083752398,0.06520959403666328,-0.053022204899972704,-0.0784754219821787,-0.07994338048939369,0.11977313065223605,0.042214841606099486,-0.02043416251432185,0.043812352569585725,0.029457548844812345,-0.040839576405860896,0.10459393790809388
0,1,Early,-1.7673034577322355,0.03036464492050307,0.01857065499748289,0.0308157105968401,0.039567516490381066,0.014764423563560796,0.08256646283236276,0.08040741789706413,0.0051352953629788,0.08702122637436283,0.03198673282664143,0.038817520639068,0.04492712529226924
0,1,Intermediate,-1.3660921802058104,0.053474632263288115,-0.03161321482042923,0.0017085442891313942,-0.0022468065478792073,0.025762195513734796,0.03136192901775472,0.02292610470649592,0.02700225131307211,0.05833855015002331,0.004706959586802566,0.03202757599770396,0.03381989239141716
0,1,Latest,-1.0868170368991148,0.035271890357468284,0.0024736876752502477,-0.0494957003099101,5.097079952498068e-05,-0.0485702230310175,-0.028131391812162287,-0.07013212405704725,-0.03405290598969953,-0.011270481127329783,-0.019294389133474234,-0.032743731870655324,-0.009336680711873867
0,1,Combined,-0.10530496265700913,0.04795731245675042,0.02502123626659483,-0.005752577146514416,0.025865082662254582,0.011892102948034942,0.04631294283832002,0.010892717504842003,0.0159902423467864,0.03558081704690499,0.014381616625590725,0.01506312243059173,0.007726552956976923
0,2,Early,-1.0600024630816958,0.07265393786806806,-0.007620490326607568,-0.030817961344221337,-0.014746669052206887,-0.013885156817139187,-0.03814013301940053,-0.04628371959074952,-0.006360698221997939,-0.02024688169087153,-0.015040706698248004,-0.009398742033745246,-0.048294541021409815
0,2,Intermediate,-0.6835141955634471,0.062473749300106685,-0.026619556902175816,-0.038917208768261165,-0.03774269906126669,-0.018163732666554383,-1.6536236657408933e-05,-0.017918022826074565,-0.027422496007503995,-0.025111847942672877,-0.020073406977451764,-0.010411936608862868,-0.016398564983994186
0,2,Latest,-0.7201104852835528,0.03915247846418904,0.009315133376738324,0.016383580873427443,0.03457854145852227,0.024776822719990044,0.010226108550059957,0.01125120243235327,0.039585600505556845,0.03328828858049845,0.02307125880821701,0.028213250886666243,-0.012123203554934547
0,2,Combined,0.5896294805383356,0.07213006558565625,-0.00505979382028698,-0.016138078280730852,-0.00898535522114955,0.0018633679886426574,0.00018059130250595832,-0.028243617348252835,-0.017315108077714567,0.009145259370844074,-0.009515476554725271,-0.009097412670034336,-0.03200651760406553
0,3,Early,-0.8244813420967059,0.08059334019856056,0.008240402177283224,0.04547834527993978,0.0079376577376623,0.012758641341987982,0.012103519131411963,0.030673981462788973,0.02062017390539458,0.023971180188057828,0.033152228899394835,0.015681239006835525,0.038787855803686856
0,3,Intermediate,-0.44176499111554585,0.06814040153203699,0.0011956730890730362,0.020423867852045415,-0.004645365633307505,0.029597990764164764,0.034637404804715693,0.013903641824596193,0.020153089964179978,0.02163862085363958,0.025734329952216327,0.01346764612352023,0.00563398720367482
0,3,Latest,-0.5437726541971594,0.05162583854631692,0.011512247618899475,-0.005058212260537669,-0.007128887432208047,-0.014779225301596392,-0.0013070499542165055,0.001300806506113297,-0.003954363985592568,-0.011557126278325955,0.002520712157588832,0.0023029602352853482,-0.01851681375965574
0,3,Combined,0.87192275279492,0.08515202740503668,0.013169536160590765,0.016811847588673202,-0.008699786268941424,0.008787237217850697,0.006393248492313219,0.013544744407312058,0.0011236032604458282,0.00989894021044816,0.0190493990219848,0.002249658201383624,0.0015159519206922791
0,4,Early,-0.6586920997258777,0.07958262412079564,-0.003255200747153976,0.010875486287202656,0.011610460144411706,-0.011622882141820477,0.011718640042885663,0.002685000243679834,-0.0003350655354355414,0.0008930617587338605,0.010976248882884048,-0.008049286948425197,-0.006720251418564858
0,4,Intermediate,-0.3145899823217149,0.06383907081252325,-0.002577658763361255,-0.015219609017936434,0.00011755503190850787,-0.004333397670891779,0.0009509145758845709,0.015989509764934674,0.007436286788308238,-0.0016669756554813023,-0.008287650304800479,0.0008084950951431386,-0.003953475684959964
0,4,Latest,-0.5751583950359792,0.04370406168720897,0.007017563450816673,0.008366197047310725,0.010556030033186113,0.002382408340970669,0.008559426678209933,0.014234337764639546,0.015909812421958842,0.01606557858019112,0.011362548784580326,0.005444929882494348,0.0032399137664377202
0,4,Combined,0.9653858018724496,0.07901805139976506,0.0014033811314975591,0.011317099687760686,0.006725911168608037,0.008367252833338687,0.010018743305086755,0.02865832361200887,0.01769631353525331,0.007575565033369756,0.013562607813236753,0.0013249786389425205,-0.008366676098697403
0,5,Early,-0.48877448394434014,0.07764747404844091,0.031166015329379824,0.036795556412765204,0.03986187896041651,0.04237939554877814,0.04015561547212292,0.03340246739855982,0.033558691353843345,0.04457419892279349,0.06246723432446482,0.050975007631368204,0.049653809214757025
0,5,Intermediate,-0.13836887552350594,0.06245836073921363,0.021062843573150275,0.023424434119438984,-0.005832678412674187,0.012921081070464751,-0.0014443531764265658,0.01813626280628364,0.019368558939903874,0.00022877676269716834,-0.02011054873052009,0.0009017080701431009,-0.015543095015515648
0,5,Latest,-0.4398242254305674,0.04310735787553266,0.0012768980033435364,0.028062074417665648,0.0017606729656148398,0.00940805659348472,0.010635405967988157,0.011690039282556965,0.023128590529124946,0.03371948258372295,0.016239840497315697,-0.00727382495118025,0.02388070295230865
0,5,Combined,1.1904903122024233,0.08096978358257695,0.0008129483803133019,0.04330627936720338,0.007308657963515612,0.01525676702698985,0.012330519978956973,0.028932733753341076,0.0169433843066011,0.024544450609863204,0.006442156527285391,0.02719186598799514,0.0187519832928233
0,6,Early,-0.25977848628362155,0.07852776704603029,0.01936310616748,0.026346334799745894,-0.00451219921425492,0.013178729055826063,0.030090581214372872,0.0032256748589517418,0.06437339053273912,0.0023434412883002295,0.017319587818901663,-0.021951879808888363,0.033348301068113914
0,6,Intermediate,0.07208596452017597,0.04545630504411766,0.02848565978902659,-0.015750566006776292,0.03126068995030889,0.035460170288428676,-0.0015179333598576055,0.04646889781293053,0.02742954466963521,0.01759366323192537,0.002915327620839937,-0.004564157270153786,0.008800655460803747
0,6,Latest,-0.28159002598640054,0.03355769034861965,0.07287686421238795,0.0036245448761473304,0.06159952047673934,0.034517939048422694,0.0340930323860749,0.0326763744558169,0.04561983217526366,0.014954535766640232,0.04393102415442019,0.030013885410287055,0.027869736973774584
0,6,Combined,1.4706350137237676,0.07862902750217023,0.0682598298581583,-0.012917882595894605,0.052839374527819505,-0.01909815922995053,-0.004115862462514066,0.010436311520092488,0.05189392669911916,0.013274095433363949,0.028448735902758253,-0.00869705307962221,0.028701844349695905
0,7,Early,-0.07009835351004094,0.042364440577302764,-0.022064944219047547,0.03755022655327913,-0.03169937016840984,-0.051676224616358846,0.019862105957204716,0.01156729967174539,-0.03210658080806095,-0.029903110088630662,0.004391024324906711,0.03454507312075592,0.016545392043863908
0,7,Intermediate,0.3196677315489414,0.06418869757581652,-0.01067212877593841,-0.012320465442061244,-0.046988999684971014,-0.006098760961203933,-0.05977841946143747,-0.0036423244676025224,-0.005845695329358557,-0.09739478778091143,-0.07969999023278597,-0.033731417192833624,-0.02361354697797236
0,7,Latest,-0.061356805403908615,0.021136964032280155,-0.10653377035332993,-0.00697930110546288,-0.00324958422671999,0.0025705362280112587,0.05168071052658409,0.015168812319733561,-0.025756625436056273,-0.04318856555917539,-0.030560907068448426,-0.04713598380131685,0.03375543669304735
0,7,Combined,1.829362604473248,0.05824984912077496,-0.11882439610610773,-0.049018564116745614,-0.14528048882767455,-0.09551008454393742,-0.07619198898474494,-0.03579311559330544,-0.06989257087523053,-0.20231654847744265,-0.13903676694888997,-0.17594934695989148,-0.07511858229954886
0,8,Early,0.003872351244131483,0.03539120967897493,0.04061395364666599,0.13112488416183743,0.12679920426957714,0.014068466663300272,-0.016096741457271743,0.04776030983352675,-0.009040143945959164,0.06480655263293454,0.07476518372450862,0.06306905572445656,-0.007717208762702622
0,8,Intermediate,0.611171376712744,0.05232800956507508,-0.19663717044941956,-0.18334223256619978,-0.06546232715835365,-0.2013298259589696,-0.23553628612367836,-0.1556363178756281,-0.24724654983754296,-0.2510030855415822,-0.12645712574530624,-0.046901538708085694,-0.11159842826294826
0,8,Latest,0.014843282812883872,0.028389397299914843,-0.04465138129280025,-0.08802924125025553,0.06375186240818792,-0.1560663589048783,-0.15086885628349317,-0.03395846447225819,-0.10906817040728495,0.013828996196267263,0.10777772298547394,-0.0671455939040849,-0.08939281056694665
0,8,Combined,2.028437868852826,0.05278733395836719,-0.1868960337981339,-0.10026371325973837,0.08376257309509241,-0.2761991663073988,-0.3131683767689732,-0.05863788691746582,-0.1672706847674024,-0.13414553860642145,0.04318726857992838,-0.04940518109988687,-0.10614004625472573
0,9,Early,0.17062621038044165,0.043019525501295675,0.11017584594291076,0.13324628479329678,0.127400182596518,0.06153710545844159,0.12162672208063627,0.10184217849941253,0.1262900507573639,0.11818327059376597,0.04885918900891682,0.1623714194112124,0.2048880537030416
0,9,Intermediate,0.6189568770357042,0.045510536126836226,0.07076113772364812,0.04241926728564236,0.052632012783681806,0.08735933388823634,0.0035655961325394164,0.11807079891789164,0.056699288501612835,0.32096890861548727,0.023954534280612335,0.03314040118666296,0.16535989804356432
0,9,Latest,0.1335126729224199,-0.01843101909856773,0.07426363907704073,-0.17503446229544217,-0.014978735756201797,0.017039104048679202,-0.2440194585325786,0.12065132784733658,0.05697367139028672,0.09250868186098497,-0.09348867075945946,-0.017917839290655498,0.031180272751023454
0,9,Combined,2.2542399365254986,0.06066983682591715,-0.09745011208434361,-0.06523136947338944,0.1220594580417464,0.051732663296707546,0.03205125349374279,-0.06051246379647673,0.3237737982547163,0.2188045769894233,-0.25002822640313876,-0.05969168627268326,0.13568236370759018
0,10,Early,0.4088124016904846,0.015551765375160604,-0.20197656251029095,0.027250026088068473,-0.045749700411537635,0.005696695495731217,0.002480650329967515,0.11755708679873127,-0.14752847277125367,-0.11826167895691535,-0.07484261168251949,-0.11408845053149025,-0.01863800189096062
0,10,Intermediate,0.6311217867880617,0.011661908483204005,0.011622443614246145,0.06017685962614705,0.13222171949432499,-0.09012853100802425,0.03075134045476033,0.0010977465031152909,0.046311397130688936,0.054411993119057984,0.05390056094196981,-0.11108469314333556,-0.06332323637963073
0,10,Latest,0.36679310068924464,0.0959154787210267,-0.063848962091493,0.07326368795320225,0.29458140710730546,-0.04152195349770607,-0.1290374374389576,0.17634831431176023,-0.16637175749489239,0.19631495821850353,0.061464291530691106,-0.08078380379341905,0.06182219231210721
0,10,Combined,2.1531971664598215,0.015300888267711062,0.30006979503054615,0.29606386311359695,0.6169299286616178,0.012238459368615869,0.010601025206811627,0.7763127694426089,0.1828395850857623,0.6499605831465579,0.4384791047131224,0.17405656250824447,0.10279821878570451
1,0,Early,-2.4755130887200134,0.008811242693006524,-0.0342087804243899,-0.0690491618538293,-0.02190384539864469,0.06944553241959436,-0.0838054984551817,-0.0710239459841707,-0.11520862060914847,-0.013480168860946901,-0.08271006696497292,-0.0055607251722864055,0.12991984284151473
1,0,Intermediate,-2.2091581152222783,0.004858114189760873,-0.3015350503569766,-0.10877225036498106,-0.2528487961458372,-0.30367063381504733,-0.01806738810579128,-0.0562963772409365,-0.3103626633837094,0.030239009701896438,-0.10316255744489723,-0.20203746970967365,0.11221594569515299
1,0,Latest,-1.8619815463249365,0.003984873418355256,-0.06428095578614439,-0.1335633232574919,-0.15601077944829764,-0.12190421599869526,-0.16198627524958525,-0.22721691567131083,-0.06434755608530397,-0.10047614090616647,0.038297244795848444,-0.2053918897369351,-0.14999520994883916
1,0,Combined,-0.9900736476818148,0.00928045267115164,-0.14306632731562988,-0.13734944981154565,-0.1551371939341884,-0.1263446250393614,-0.10145992552859609,-0.12957262739611164,-0.1455427332730542,-0.009232835470309078,-0.055894155363350496,-0.15342479630332842,-0.00782579069524498
1,1,Early,-1.734173619878143,0.059245421847929594,0.007752757589058166,-0.010730801776830693,0.005182343139909738,0.020215217401502453,0.05866880437443859,0.041535246585955934,0.005141943067798549,0.001692248266818468,0.04216011508366487,0.09860828759733702,-0.00616550632083916
1,1,Intermediate,-1.474023868332439,0.059454865699357595,0.07139797206078859,0.07964674304084338,0.04900030465642462,0.08836311781974453,0.10162099027856855,0.05603836818453215,0.04096761043085546,0.03764671157884827,0.06166772453832669,-0.004657401659278874,-0.0012907822804388573
1,1,Latest,-1.0822040182674877,0.0369740009957471,-0.0020105842486420476,-0.014202551676366049,-0.004059847761193235,0.0019106436275734048,0.002269450994145111,0.0010695988689813163,-0.02782283778231291,-0.01569806780812798,-0.013003097792334767,-0.0195363416813829,0.040621565510091516
1,1,Combined,-0.12401145721645149,0.05697624106496294,0.02469119764334784,0.017958065416023575,0.020762583193876447,0.058151321027615006,0.060978585555425,0.03749510864318672,0.0006745281713560022,0.010331256232251774,0.02366725245807382,0.017600911814476962,0.025205409245639843
1,2,Early,-1.1028424693203096,0.07387527612326047,0.01935197509416759,-0.03250312836462064,-0.007893671245172658,0.006010170130510432,0.006142878935477853,-0.016797632765023093,0.020633910078283066,-0.006874166729642166,0.0013328996171607852,-0.013626654508313085,-0.012547403058339065
1,2,Intermediate,-0.7668385169549906,0.06743938493812965,-0.004959721076403122,-0.006871032632232083,0.005489581822096131,-0.009472481594219184,0.001345461598128263,-0.005001502353507445,-0.01873642660165747,-0.0040621581027179415,0.015111704526332998,-0.02483541736147707,-0.04375887906385863
1,2,Latest,-0.7005388143762281,0.03641586299347881,0.036828149050040664,0.0364974500126778,0.05107316676933619,0.022669992612173142,0.021647814759639544,0.05523440118884759,0.022819849361543482,0.04557848253927065,0.0138906109929146,0.028656584749649917,0.014317651053537475
1,2,Combined,0.5587205172864447,0.07116498494594486,0.020331022577477882,-0.012547631788201065,0.009112382362739,0.003766763348970504,-0.0008295546443678153,0.00854569040240431,-0.0030471320665744427,0.0037478374836440345,0.002424296055082402,-0.003221064706062683,-0.043766560733742424
1,3,Early,-0.8249899800233498,0.07777684000566384,0.002255280866017904,0.0008597345974347304,0.009630989312002295,0.01526433052302124,0.00925998935553386,-0.001132626180665951,0.0067454987948403515,0.012439169936254697,0.007205601896169457,-0.00614317017779998,0.007466737475321894
1,3,Intermediate,-0.5108796678055862,0.06478582109210936,0.010149130724787394,0.015706025404678785,0.017118612153342507,0.020867192819703097,0.02093932575722493,0.03494790088833419,0.03895538314737687,0.019183707311519808,0.022618579393462495,0.006397876503251498,0.021354101386231505
1,3,Latest,-0.5255787835663687,0.044275208876055905,-0.011221232123005836,0.002405957368696763,-0.001836643323266476,-0.019144162817183688,-0.031525664688441014,0.027715647756886723,0.013759151392260785,0.002327136208291321,-0.019697543436186026,0.002476505051671887,-0.028785821169470587
1,3,Combined,0.8412776377075483,0.07965772213368812,0.007702740281179156,0.004277493039721509,0.0030879467256673,0.005207898542630048,0.0008239160609336209,0.03675370943607624,0.038064633549032126,0.02075998885457566,0.004841925710118378,0.011661304607601303,0.009681117481853066
1,4,Early,-0.6611487262465038,0.07723059509431125,0.005179745421541443,0.017473898006119048,0.016752087572704983,0.001856678511524438,0.020423513719875396,0.019641357442557406,0.018721377156649826,0.022403151941749196,0.017532055170038433,0.020143366416278074,0.016785690794379395
1,4,Intermediate,-0.37846410767274596,0.05851447792000217,-0.015047317056456967,-0.004578341557651162,-0.030169414606020958,-0.0088559701979077,-0.00996932198842292,6.867630775917072e-05,-0.014717003773701892,-0.02325969160674973,-0.004231973913162831,-0.013918501227002606,0.006893805863396496
1,4,Latest,-0.5324970271891651,0.037701049731748246,-0.005733341721608536,-0.024932888896561325,-0.013536070762790292,-0.011065402660198799,-0.007979863270534198,0.007402965302565825,0.0002814140784816323,0.006076740217716942,-0.008774421469292021,-0.00735538933745521,-0.010151413927977521
1,4,Combined,0.9682447061063235,0.0744194721019267,-0.007100587314184986,-0.007996449321204213,-0.01948858475575745,0.0005791237247244785,-0.015624135678829653,0.006074627409083877,-0.005213655388812176,-0.0069474947900980315,-0.002918504759093046,-0.002151482165510161,0.007795291296805061
1,5,Early,-0.4387984428488307,0.07926400963668484,0.02088968363423863,-0.01872241078766488,0.010241107269230589,0.00427145977228516,-0.005637986413357883,-0.0009583773163205865,0.012322714694860404,0.01711010017328839,0.012636873859800881,-0.013112191697323387,0.002461845683936752
1,5,Intermediate,-0.257844854412241,0.06282593464587254,0.05375860409171159,0.04393534541600521,0.03979581310594057,0.04302443303379434,0.05689337604252775,0.04069166314949056,0.04298723547953673,0.05127670475454626,0.02510997660639282,0.03746689719032096,0.028524483041697926
1,5,Latest,-0.3955692562396759,0.03683980351171585,0.013812953911603698,0.02343071887022119,0.035199229044332446,0.02238033672237123,0.03407139831732805,0.026930419740942457,0.0057156873744090885,0.021944812346444745,0.0185746710358249,0.015860586783353062,0.028907392003013756
1,5,Combined,1.1713559421624904,0.07862241068196034,0.05673836345808067,0.02179697632829843,0.03739406616655145,0.05157535452853622,0.044080962117387545,0.034701016279135764,0.030888178451528865,0.035960757353373105,0.02287669468816984,0.015325274058746265,0.027286250171060067
1,6,Early,-0.2106024039645049,0.07502970379812547,-0.021131182858807735,-0.0007091717771266005,0.015324188048082674,-0.0017746402878771272,0.0005100145523041391,0.03829614561575256,-0.03086054304911767,-0.03753441410281969,-0.016352487355349932,-0.0302522622058911,-0.012184095100474458
1,6,Intermediate,-0.004208654810725331,0.05626286560043769,0.01600532082977816,-0.011487790953740461,0.01364158635824531,-0.02370316051849063,-0.005942070066764024,0.024893958603112668,0.024014750487321962,-0.043715274366765006,-0.00802163958960687,0.015498914116430068,0.0023770002449108045
1,6,Latest,-0.2052737678157635,0.027395275214842134,0.039068512844183605,-0.00035071030475231844,0.019577281178289205,0.019107052844187494,0.011452380110607273,0.03103000910751726,-0.007489295174854436,0.025232100006866622,-0.007704579163143848,0.02253817763295405,0.00942567037947282
1,6,Combined,1.4811726769746087,0.07121451076589515,0.01149662492262792,0.003083777179690726,0.03135029386096729,0.008024708232660162,0.003995524232978315,0.06158162553997288,0.01097784441997311,0.0027149293411541887,-0.008399218726641358,-0.0016806065050673255,0.020512305287499952
1,7,Early,-0.09959181563962008,0.06323609410716381,-0.004125270484720196,-0.008749917152932843,-0.03353490885208687,-0.03463085251129492,0.02099137197841258,0.006019616935480349,0.03092057375642917,0.01860222377902045,0.051718343946374166,-0.03442876880304735,-0.008401414945141341
1,7,Intermediate,0.16197116965139738,0.06631531429366254,0.03300457328363584,0.030809283915205748,0.020968271658784968,0.05569524520961359,0.058503029820749536,0.06269115209619686,0.05924186030889358,0.08310115115406652,0.04218036663710778,-0.013426674691857463,-0.007338924749981652
1,7,Latest,-0.015459811633685787,0.019559328397540626,-0.0038884702830427214,-0.008537945626324733,0.010206836934629794,0.03391899155674331,0.02697855115855534,0.06115938471480325,0.09561179931014174,-0.008562340834552705,-0.010998883219469485,0.005189392060133037,-0.012485405438223093
1,7,Combined,1.7005272725301332,0.06942666766291117,0.03530914169070129,0.016235822860571236,-0.016110577880485803,0.12015227860093204,0.06642925782897162,0.09947576055592205,0.13497351827888518,0.07761923371515012,0.08697294785204039,-0.009488004149893054,-0.033842835502942495
1,8,Early,0.07313294970656292,0.07279380785427297,0.05577296319411034,-0.036487217940019814,0.022331414692847093,0.02656476188951862,0.07076962778799356,-0.07596527286236808,-0.051183358841673625,-0.0017257042768772013,-0.05752562258338276,-0.023823838578834203,0.02729669365457617
1,8,Intermediate,0.26291834548723003,0.06221519249749195,0.1218063205996617,0.07810869634841923,0.1043984442286709,0.09884823754404329,0.22689484783781583,0.1425457824855645,0.08920958987591912,0.17738902884066002,0.04311601915563147,0.07272177293233252,0.09364952510808502
1,8,Latest,-0.0498243878390183,0.0413542755429674,0.06658649718029494,0.01990409199469222,0.164613377445388,0.10750225239307172,0.21591917498036342,0.13306144597530595,0.03861443854794198,0.04776275389876928,0.06989012024957421,0.18630462246728854,0.06583418515272577
1,8,Combined,1.8524690714342524,0.05164655928306786,0.10751681648848865,-0.07983004656235403,0.15034099541148915,0.042483066685867654,0.3371530008980883,0.06711797919104644,0.05911162757068927,0.06948606863659075,0.05759015470965696,0.10514271171147781,0.027541301639306816
1,9,Early,0.2894173099070917,0.009831800472032056,-0.1753928029792952,-0.24026811119696603,-0.0681252236571714,-0.06519545657772872,-0.32504879047168006,0.06908127769876074,0.059972819661395074,-0.042291082675066705,-0.06936855709480207,0.0819634230245753,0.04778246930965583
1,9,Intermediate,0.6925867912192327,-0.00320387695511352,-0.21777474306506694,-0.22533446124603637,0.0349443210414802,-0.2253374032412406,-0.14791013313660753,0.11734466836233441,-0.24731218752330933,-0.13468483632178077,-0.16798530866639258,-0.059005574328354814,-0.11379248170188473
1,9,Latest,0.014966247371628235,0.017428828184398414,0.18640519143256162,0.11189842187590576,0.16010726059084832,0.19011810450065397,0.19750827218533748,0.18206007622206644,0.19279876262945364,0.10111019669077828,0.08943496121850703,0.06754902538091052,-0.06040024877446531
1,9,Combined,2.18154493275182,-0.015016430204431878,-0.1189764894394522,-0.117349711771981,-0.03571232879829313,-0.15268077583729012,-0.0002624533005758738,0.044063030912209665,0.026925795975030798,-0.03454128819988767,-0.1914532955185938,0.10231038203798563,0.15803827193323453
1,10,Early,0.7567506507614394,0.04321337365395218,-0.19134251968396862,-0.3912834609500349,-0.5148133018183391,-0.46387952003313054,-0.34912700325490054,-0.4224298551534897,-0.1653379148857629,-0.3703035070549439,-0.48027517837667855,-0.5328455727166033,-0.49321731107048095
1,10,Intermediate,0.40034809047681374,-0.026632801001149606,0.3331676110596201,0.29390510973845557,0.12965568879924463,0.1940858726473843,0.12391093541751905,0.17913201929016778,0.32707635341848246,0.10461456080886603,0.20083120691815023,0.23222215464739923,0.05820074046873647
1,10,Latest,0.38482462896433417,-0.008842201691018618,-0.16098669041560024,-0.19443294543255996,-0.1356318906440115,-0.22689017793089844,-0.16143124673475345,-0.20951024425427398,-0.06604290725074063,-0.15490990064312155,-0.06062095646914848,-0.053140829476368376,-0.24638347637119226
1,10,Combined,2.5409619114404673,-0.10800787942920644,-0.4042371141555152,-0.23773868150542177,-0.3015282636217953,-0.3251599931507026,-0.3141672200202355,-0.29949887182019747,0.2537908154534809,-0.47627629985464554,-0.4225128229601091,-0.30173564477614656,-0.5303498909114382
