fit,sample,month,panel,n,marker_n,raw_percent,observed_percent,baseline_percent,excess_pp
full,full,201501,Early,62157,15978,25.705873835609825,26.76543197634309,32.8159801228476,-6.050548146504509
full,full,201501,Intermediate,62157,20050,32.257026561771,33.42212235810415,39.43499185309176,-6.012869494987616
full,full,201501,Latest,62157,19012,30.58706179513168,31.32561009844782,36.204033017399475,-4.878422918951653
full,full,201501,Combined,62157,38534,61.99462651028846,63.422516854076825,70.32531664376603,-6.902799789689196
full,full,201502,Early,64961,16648,25.627684302889428,26.621547421099905,32.8159801228476,-6.194432701747693
full,full,201502,Intermediate,64961,21505,33.10447807145826,34.278658609591446,39.43499185309176,-5.156333243500316
full,full,201502,Latest,64961,19949,30.7091947476178,31.43237984508239,36.204033017399475,-4.77165317231708
full,full,201502,Combined,64961,40463,62.288142116038856,63.726537882109014,70.32531664376603,-6.598778761657009
full,full,201503,Early,74336,19501,26.233588032716316,27.154241246493545,32.8159801228476,-5.661738876354056
full,full,201503,Intermediate,74336,24730,33.267864829961255,34.30000736568,39.43499185309176,-5.134984487411759
full,full,201503,Latest,74336,23033,30.98498708566509,31.626076446860946,36.204033017399475,-4.577956570538527
full,full,201503,Combined,74336,46740,62.87666810159277,64.16159028329066,70.32531664376603,-6.163726360475352
full,full,201504,Early,69764,18190,26.073619631901842,26.937429061819206,32.8159801228476,-5.878551061028392
full,full,201504,Intermediate,69764,23057,33.0499971331919,33.985587397289066,39.43499185309176,-5.449404455802692
full,full,201504,Latest,69764,21920,31.420216730692047,31.978478146201745,36.204033017399475,-4.225554871197729
full,full,201504,Combined,69764,43678,62.60822200561894,63.74176654229136,70.32531664376603,-6.583550101474667
full,full,201505,Early,66724,17482,26.200467597865835,27.092759854230003,32.8159801228476,-5.723220268617596
full,full,201505,Intermediate,66724,22221,33.30285954079492,34.262418081570345,39.43499185309176,-5.1725737715214155
full,full,201505,Latest,66724,20906,31.33205443318746,31.931640266773197,36.204033017399475,-4.272392750626275
full,full,201505,Combined,66724,41898,62.79299802170134,63.94489226712021,70.32531664376603,-6.38042437664581
full,full,201506,Early,73789,19571,26.52292347097806,27.485046645883276,32.8159801228476,-5.330933476964322
full,full,201506,Intermediate,73789,24657,33.41554974318665,34.58929877888792,39.43499185309176,-4.845693074203838
full,full,201506,Latest,73789,22669,30.721381235685534,31.360128713514555,36.204033017399475,-4.843904303884916
full,full,201506,Combined,73789,46432,62.92536827982491,64.25278619186953,70.32531664376603,-6.072530451896485
full,full,201507,Early,71463,18782,26.282132012370038,27.10195409433608,32.8159801228476,-5.714026028511521
full,full,201507,Intermediate,71463,23856,33.382309726711725,34.2333672168297,39.43499185309176,-5.201624636262064
full,full,201507,Latest,71463,22405,31.35188838979612,31.87505310673026,36.204033017399475,-4.3289799106692115
full,full,201507,Combined,71463,45144,63.1711515049746,64.23618498683298,70.32531664376603,-6.089131656933045
full,full,201508,Early,67369,17728,26.314773857412163,27.201011036803397,32.8159801228476,-5.614969086044202
full,full,201508,Intermediate,67369,22631,33.59260193857709,34.60684922212617,39.43499185309176,-4.828142630965587
full,full,201508,Latest,67369,21248,31.53972895545429,32.14001333543797,36.204033017399475,-4.064019681961501
full,full,201508,Combined,67369,42696,63.37633035966097,64.61585200640691,70.32531664376603,-5.709464637359119
full,full,201509,Early,70741,18821,26.605504587155963,27.388227635232898,32.8159801228476,-5.4277524876147005
full,full,201509,Intermediate,70741,23934,33.833279145050255,34.702113914800776,39.43499185309176,-4.732877938290986
full,full,201509,Latest,70741,22246,31.447109879702012,31.913512724787157,36.204033017399475,-4.290520292612316
full,full,201509,Combined,70741,44989,63.596782629592454,64.63804975622796,70.32531664376603,-5.687266887538067
full,full,201510,Early,71329,19088,26.76050414277503,27.649497548005325,32.8159801228476,-5.166482574842274
full,full,201510,Intermediate,71329,23791,33.35389533009015,34.29695143954289,39.43499185309176,-5.138040413548872
full,full,201510,Latest,71329,22524,31.577619201166424,32.16200457502605,36.204033017399475,-4.042028442373419
full,full,201510,Combined,71329,45236,63.418805815306534,64.57946604598669,70.32531664376603,-5.745850597779334
full,full,201511,Early,66665,18039,27.059176479411985,27.823224062903666,32.8159801228476,-4.992756059943932
full,full,201511,Intermediate,66665,22526,33.78984474611865,34.66704191049564,39.43499185309176,-4.7679499425961165
full,full,201511,Latest,66665,21375,32.063301582539566,32.6176794047187,36.204033017399475,-3.5863536126807705
full,full,201511,Combined,66665,42571,63.85809645241131,64.9188406909845,70.32531664376603,-5.40647595278152
full,full,201512,Early,70500,18975,26.914893617021278,27.701255128594028,32.8159801228476,-5.114724994253573
full,full,201512,Intermediate,70500,23859,33.84255319148936,34.732442051446924,39.43499185309176,-4.70254980164484
full,full,201512,Latest,70500,22111,31.363120567375887,31.880019747978523,36.204033017399475,-4.324013269420951
full,full,201512,Combined,70500,44644,63.32482269503546,64.35545253039021,70.32531664376603,-5.969864113375811
full,full,201601,Early,67621,18354,27.142455745996067,28.008899877288528,32.8159801228476,-4.80708024555907
full,full,201601,Intermediate,67621,22914,33.885923012082046,34.79045295302568,39.43499185309176,-4.644538900066086
full,full,201601,Latest,67621,21514,31.815560254950384,32.39668867365609,36.204033017399475,-3.8073443437433854
full,full,201601,Combined,67621,43229,63.928365448603245,65.05195176590725,70.32531664376603,-5.273364877858777
full,full,201602,Early,71934,19744,27.447382322684682,28.300736112918994,32.8159801228476,-4.515244009928604
full,full,201602,Intermediate,71934,24573,34.1604804404037,35.06750207507572,39.43499185309176,-4.367489778016037
full,full,201602,Latest,71934,23016,31.995996329969138,32.53185885870796,36.204033017399475,-3.67217415869151
full,full,201602,Combined,71934,46262,64.31173019712514,65.40346922780145,70.32531664376603,-4.921847415964575
full,full,201603,Early,77658,21128,27.206469391434236,28.045976377974657,32.8159801228476,-4.770003744872941
full,full,201603,Intermediate,77658,26577,34.22313219500889,35.11908027231204,39.43499185309176,-4.315911580779719
full,full,201603,Latest,77658,24764,31.88853691828273,32.46816395160024,36.204033017399475,-3.7358690657992355
full,full,201603,Combined,77658,49746,64.05779185660202,65.18499420270929,70.32531664376603,-5.140322441056733
full,full,201604,Early,72686,19844,27.30099331370553,28.076050951416192,32.8159801228476,-4.739929171431406
full,full,201604,Intermediate,72686,25009,34.40690091626998,35.210381072182365,39.43499185309176,-4.224610780909393
full,full,201604,Latest,72686,23230,31.959386952095315,32.4387244321391,36.204033017399475,-3.765308585260374
full,full,201604,Combined,72686,46482,63.94904108081336,64.9444139846354,70.32531664376603,-5.380902659130616
full,full,201605,Early,72223,19819,27.4413967849577,28.210196752861506,32.8159801228476,-4.605783369986094
full,full,201605,Intermediate,72223,24717,34.22316990432411,35.03173237072951,39.43499185309176,-4.4032594823622535
full,full,201605,Latest,72223,23273,32.22380682054193,32.747636284070666,36.204033017399475,-3.456396733328809
full,full,201605,Combined,72223,46424,64.2786923833128,65.27664316812995,70.32531664376603,-5.048673475636067
full,full,201606,Early,77290,21243,27.484797515849397,28.42201315710146,32.8159801228476,-4.393966965746138
full,full,201606,Intermediate,77290,26571,34.37831543537327,35.35291974306426,39.43499185309176,-4.082072110027496
full,full,201606,Latest,77290,24888,32.20080217363178,32.85300859884489,36.204033017399475,-3.3510244185545823
full,full,201606,Combined,77290,49723,64.33303144003105,65.56704914654978,70.32531664376603,-4.75826749721624
full,full,201607,Early,71400,19876,27.837535014005603,28.618686208620588,32.8159801228476,-4.1972939142270125
full,full,201607,Intermediate,71400,24419,34.200280112044815,35.06224017994874,39.43499185309176,-4.372751673143021
full,full,201607,Latest,71400,22873,32.03501400560224,32.58589253517177,36.204033017399475,-3.6181404822277
full,full,201607,Combined,71400,45991,64.41316526610645,65.47798401660188,70.32531664376603,-4.847332627164147
full,full,201608,Early,75215,20703,27.525094728445126,28.28834395472674,32.8159801228476,-4.527636168120858
full,full,201608,Intermediate,75215,25754,34.24051053646214,35.072411124508626,39.43499185309176,-4.362580728583137
full,full,201608,Latest,75215,24585,32.68629927541049,33.18162355157839,36.204033017399475,-3.02240946582108
full,full,201608,Combined,75215,48594,64.6067938576082,65.60297375380603,70.32531664376603,-4.722342889959997
full,full,201609,Early,72968,20051,27.47916895077294,28.28108291736866,32.8159801228476,-4.534897205478938
full,full,201609,Intermediate,72968,25296,34.66725139787304,35.522862201413076,39.43499185309176,-3.9121296516786863
full,full,201609,Latest,72968,23674,32.44435917114352,33.018933715432716,36.204033017399475,-3.185099301966754
full,full,201609,Combined,72968,47061,64.4953952417498,65.59024165805195,70.32531664376603,-4.735074985714071
full,full,201610,Early,71314,19784,27.742098325714444,28.55051543313901,32.8159801228476,-4.265464689708587
full,full,201610,Intermediate,71314,24514,34.37473707827355,35.21622554598965,39.43499185309176,-4.218766307102106
full,full,201610,Latest,71314,23248,32.59948958128839,33.182348422169355,36.204033017399475,-3.0216845952301172
full,full,201610,Combined,71314,46156,64.72221443194884,65.81998767237559,70.32531664376603,-4.505328971390432
full,full,201611,Early,72029,19814,27.508364686445738,28.303587017290617,32.8159801228476,-4.512393105556983
full,full,201611,Intermediate,72029,25037,34.75961071235197,35.669827077953784,39.43499185309176,-3.76516477513798
full,full,201611,Latest,72029,23493,32.616029654722404,33.18966044374271,36.204033017399475,-3.0143725736567593
full,full,201611,Combined,72029,46710,64.84888031209651,65.94956802131536,70.32531664376603,-4.37574862245066
full,full,201612,Early,68477,19061,27.835623640054326,28.654700260786537,32.8159801228476,-4.161279862061063
full,full,201612,Intermediate,68477,23746,34.6773369160448,35.53312822027298,39.43499185309176,-3.9018636328187806
full,full,201612,Latest,68477,22200,32.4196445521854,32.92833169026009,36.204033017399475,-3.2757013271393856
full,full,201612,Combined,68477,44392,64.82760634957722,65.86267531984889,70.32531664376603,-4.462641323917127
full,full,201701,Early,70442,19723,27.998921098208456,28.8727252900447,32.8159801228476,-3.9432548328029005
full,full,201701,Intermediate,70442,24756,35.14380625195196,36.07747236294034,39.43499185309176,-3.357519490151417
full,full,201701,Latest,70442,23260,33.02007325175322,33.6037426662462,36.204033017399475,-2.600290351153273
full,full,201701,Combined,70442,46076,65.40984072002499,66.56717955570262,70.32531664376603,-3.7581370880633957
full,full,201702,Early,71415,20190,28.271371560596513,28.96992865141736,32.8159801228476,-3.84605147143024
full,full,201702,Intermediate,71415,25325,35.461737730168736,36.20059145255739,39.43499185309176,-3.234400400534371
full,full,201702,Latest,71415,23401,32.767625848911294,33.2754375336143,36.204033017399475,-2.9285954837851733
full,full,201702,Combined,71415,46759,65.47504025764896,66.4264481914549,70.32531664376603,-3.8988684523111328
full,full,201703,Early,81997,23287,28.39981950559167,29.157799837309618,32.8159801228476,-3.658180285537982
full,full,201703,Intermediate,81997,29167,35.57081356634999,36.314219476904,39.43499185309176,-3.1207723761877637
full,full,201703,Latest,81997,27094,33.04267229288877,33.545644113239156,36.204033017399475,-2.6583889041603195
full,full,201703,Combined,81997,53858,65.68289083746966,66.66546956843024,70.32531664376603,-3.659847075335776
full,full,201704,Early,71198,20227,28.40950588499677,29.077671134092224,32.8159801228476,-3.7383089887553735
full,full,201704,Intermediate,71198,25005,35.12036854967836,35.834565156860414,39.43499185309176,-3.600426696231346
full,full,201704,Latest,71198,23325,32.76075170650861,33.27237654538446,36.204033017399475,-2.931656472015015
full,full,201704,Combined,71198,46531,65.35436388662603,66.29813075363646,70.32531664376603,-4.027185890129559
full,full,201705,Early,76375,21528,28.187234042553193,28.85613046101978,32.8159801228476,-3.959849661827819
full,full,201705,Intermediate,76375,27064,35.43567921440262,36.13663355869379,39.43499185309176,-3.298358294397974
full,full,201705,Latest,76375,25222,33.02389525368249,33.53142806643676,36.204033017399475,-2.6726049509627092
full,full,201705,Combined,76375,50128,65.63404255319149,66.56486461475191,70.32531664376603,-3.7604520290141052
full,full,201706,Early,78578,22499,28.63269617450177,29.251371452369302,32.8159801228476,-3.5646086704782975
full,full,201706,Intermediate,78578,28093,35.75173712744025,36.35947497444697,39.43499185309176,-3.0755168786447906
full,full,201706,Latest,78578,26073,33.18104304003665,33.604400282813124,36.204033017399475,-2.599632734586349
full,full,201706,Combined,78578,51757,65.86703657512281,66.65149626971838,70.32531664376603,-3.6738203740476427
full,full,201707,Early,77417,22121,28.57382745391839,29.216118474978366,32.8159801228476,-3.5998616478692345
full,full,201707,Intermediate,77417,27962,36.11868194324244,36.78356613477604,39.43499185309176,-2.6514257183157253
full,full,201707,Latest,77417,26055,33.65539868504334,34.08097093427232,36.204033017399475,-2.123062083127153
full,full,201707,Combined,77417,51409,66.40531149489131,67.18471626779188,70.32531664376603,-3.140600375974134
full,full,201708,Early,76320,22030,28.86530398322851,29.4333246902579,32.8159801228476,-3.3826554325896985
full,full,201708,Intermediate,76320,27658,36.2395178197065,36.79249384224293,39.43499185309176,-2.642498010848826
full,full,201708,Latest,76320,25691,33.662211740041926,34.04549814387186,36.204033017399475,-2.1585348735276124
full,full,201708,Combined,76320,50907,66.70204402515724,67.38851958275798,70.32531664376603,-2.936797061008045
full,full,201709,Early,76193,21950,28.808420721063616,29.313577097481026,32.8159801228476,-3.502403025366574
full,full,201709,Intermediate,76193,27627,36.259236412793825,36.725135139406596,39.43499185309176,-2.709856713685166
full,full,201709,Latest,76193,25560,33.5463887758718,33.85227460617799,36.204033017399475,-2.3517584112214776
full,full,201709,Combined,76193,50484,66.25805520192144,66.80891465461623,70.32531664376603,-3.5164019891497977
full,full,201710,Early,73441,21171,28.82722185155431,29.33170128259168,32.8159801228476,-3.4842788402559166
full,full,201710,Intermediate,73441,26504,36.08883321305538,36.627804958290724,39.43499185309176,-2.807186894801034
full,full,201710,Latest,73441,24668,33.588867253986194,33.917217827215524,36.204033017399475,-2.2868151901839493
full,full,201710,Combined,73441,48671,66.27224574828774,66.89263594085963,70.32531664376603,-3.4326807029063877
full,full,201711,Early,77126,22514,29.191193631200893,29.655707057511037,32.8159801228476,-3.1602730653365607
full,full,201711,Intermediate,77126,27942,36.22902782459871,36.68377354650684,39.43499185309176,-2.751218306584918
full,full,201711,Latest,77126,25822,33.48027902393486,33.7834424387564,36.204033017399475,-2.420590578643067
full,full,201711,Combined,77126,51381,66.61955760703265,67.18897265649557,70.32531664376603,-3.1363439872704513
full,full,201712,Early,75861,22259,29.341822543863117,29.72564973880233,32.8159801228476,-3.09033038404527
full,full,201712,Intermediate,75861,27301,35.9881889244803,36.376806970379896,39.43499185309176,-3.0581848827118674
full,full,201712,Latest,75861,25581,33.72088424882351,33.97480158973239,36.204033017399475,-2.2292314276670835
full,full,201712,Combined,75861,50429,66.47552760970723,66.92345575202015,70.32531664376603,-3.401860891745878
full,full,201801,Early,72575,21080,29.04581467447468,29.669325956243636,32.8159801228476,-3.1466541666039625
full,full,201801,Intermediate,72575,26202,36.10334137099552,36.760451331045985,39.43499185309176,-2.6745405220457763
full,full,201801,Latest,72575,24884,34.28728901136755,34.66966112618671,36.204033017399475,-1.5343718912127657
full,full,201801,Combined,72575,48543,66.88666896314157,67.63255011750725,70.32531664376603,-2.692766526258772
full,full,201802,Early,78949,23326,29.5456560564415,30.027375626448617,32.8159801228476,-2.788604496398983
full,full,201802,Intermediate,78949,28724,36.38298141838402,36.81700584306157,39.43499185309176,-2.6179860100301875
full,full,201802,Latest,78949,26672,33.7838351340739,34.07358588626474,36.204033017399475,-2.1304471311347384
full,full,201802,Combined,78949,52749,66.81401917693701,67.31933064072521,70.32531664376603,-3.005986003040817
full,full,201803,Early,83664,24841,29.6913845859629,30.071992039145222,32.8159801228476,-2.7439880837023756
full,full,201803,Intermediate,83664,30487,36.43980684643335,36.79885908132243,39.43499185309176,-2.6361327717693284
full,full,201803,Latest,83664,28331,33.86283228150698,34.10055381810517,36.204033017399475,-2.1034791992943003
full,full,201803,Combined,83664,55969,66.89735131000191,67.32662258843156,70.32531664376603,-2.998694055334461
full,full,201804,Early,77260,23415,30.306756406937613,30.666560854449425,32.8159801228476,-2.149419268398173
full,full,201804,Intermediate,77260,28473,36.853481749935284,37.20984133847388,39.43499185309176,-2.2251505146178854
full,full,201804,Latest,77260,26824,34.719130209681595,34.943324274403274,36.204033017399475,-1.2607087429961972
full,full,201804,Combined,77260,52317,67.71550608335491,68.12143161564312,70.32531664376603,-2.2038850281228983
full,full,201805,Early,80208,24251,30.235138639537205,30.613320552055445,32.8159801228476,-2.2026595707921537
full,full,201805,Intermediate,80208,29446,36.71204867344903,37.081109114585,39.43499185309176,-2.353882738506763
full,full,201805,Latest,80208,27679,34.50902653101935,34.72978918957998,36.204033017399475,-1.474243827819488
full,full,201805,Combined,80208,54423,67.85233393177738,68.28198920617457,70.32531664376603,-2.0433274375914467
full,full,201806,Early,79604,23816,29.918094568112156,30.29621354312716,32.8159801228476,-2.5197665797204394
full,full,201806,Intermediate,79604,29556,37.12878749811567,37.491414165398105,39.43499185309176,-1.943577687693654
full,full,201806,Latest,79604,27407,34.42917441334606,34.67644739115609,36.204033017399475,-1.527585626243383
full,full,201806,Combined,79604,53802,67.58705592683785,68.01478882672586,70.32531664376603,-2.3105278170401644
full,full,201807,Early,78806,23565,29.902545491460042,30.216473097051335,32.8159801228476,-2.599507025796266
full,full,201807,Intermediate,78806,29448,37.36771311829049,37.67086106493831,39.43499185309176,-1.7641307881534507
full,full,201807,Latest,78806,27550,34.95926706088369,35.13184880893519,36.204033017399475,-1.072184208464283
full,full,201807,Combined,78806,53638,68.06334543055097,68.38723782028335,70.32531664376603,-1.9380788234826807
full,full,201808,Early,79292,24013,30.284265751904353,30.55472748534128,32.8159801228476,-2.261252637506317
full,full,201808,Intermediate,79292,29614,37.34803006608485,37.630385070945074,39.43499185309176,-1.8046067821466893
full,full,201808,Latest,79292,27740,34.98461383241689,35.16459374561383,36.204033017399475,-1.039439271785647
full,full,201808,Combined,79292,53897,67.97280936286133,68.27496945202263,70.32531664376603,-2.0503471917433846
full,full,201809,Early,78047,23898,30.62001101900137,30.92068185122267,32.8159801228476,-1.895298271624929
full,full,201809,Intermediate,78047,28877,36.99950030110062,37.3032600304613,39.43499185309176,-2.131731822630462
full,full,201809,Latest,78047,27339,35.028892846618064,35.22454040016258,36.204033017399475,-0.9794926172368934
full,full,201809,Combined,78047,53028,67.94367496508514,68.28449136027103,70.32531664376603,-2.0408252834949847
full,full,201810,Early,85806,26350,30.70880824184789,30.94260985618996,32.8159801228476,-1.8733702666576368
full,full,201810,Intermediate,85806,32211,37.53933291378225,37.77330314882967,39.43499185309176,-1.6616887042620931
full,full,201810,Latest,85806,29841,34.77728830151737,34.940775949411524,36.204033017399475,-1.2632570679879496
full,full,201810,Combined,85806,58521,68.20152436892525,68.46138486236792,70.32531664376603,-1.8639317813980982
full,full,201811,Early,81101,24990,30.813430167322228,30.929465373311142,32.8159801228476,-1.8865147495364554
full,full,201811,Intermediate,81101,30286,37.343559265607084,37.46101677151493,39.43499185309176,-1.9739750815768342
full,full,201811,Latest,81101,28008,34.53471597144301,34.60263286389155,36.204033017399475,-1.6014001535079259
full,full,201811,Combined,81101,55226,68.09533791198629,68.2192908287041,70.32531664376603,-2.106025815061918
full,full,201812,Early,74892,23066,30.79901725150884,31.049314693718173,32.8159801228476,-1.766665429129427
full,full,201812,Intermediate,74892,28312,37.803770763232386,38.05784845829833,39.43499185309176,-1.3771433947934286
full,full,201812,Latest,74892,26327,35.15328740052342,35.3049600495386,36.204033017399475,-0.8990729678608755
full,full,201812,Combined,74892,51322,68.52801367302249,68.82015711933747,70.32531664376603,-1.5051595244285565
full,full,201901,Early,83246,25707,30.88076303966557,31.022722688588534,32.8159801228476,-1.7932574342590657
full,full,201901,Intermediate,83246,31246,37.53453619393124,37.67677585617987,39.43499185309176,-1.7582159969118882
full,full,201901,Latest,83246,28932,34.75482305456118,34.8388497517009,36.204033017399475,-1.3651832656985774
full,full,201901,Combined,83246,56876,68.32280229680705,68.4781653823189,70.32531664376603,-1.8471512614471108
full,full,201902,Early,80278,24637,30.689603627394803,30.885378946051382,32.8159801228476,-1.930601176796215
full,full,201902,Intermediate,80278,30203,37.623010040110614,37.822853479731464,39.43499185309176,-1.6121383733602945
full,full,201902,Latest,80278,28273,35.21886444604998,35.333549832797075,36.204033017399475,-0.8704831846023942
full,full,201902,Combined,80278,55093,68.62776850444705,68.83660901568473,70.32531664376603,-1.4887076280812872
full,full,201903,Early,85370,26440,30.97106711959705,31.123415015489698,32.8159801228476,-1.6925651073579018
full,full,201903,Intermediate,85370,32195,37.71231111631721,37.86174475843997,39.43499185309176,-1.5732470946517918
full,full,201903,Latest,85370,30048,35.19737612744524,35.2959310351735,36.204033017399475,-0.9081019822259673
full,full,201903,Combined,85370,58522,68.55101323649994,68.71833505875956,70.32531664376603,-1.6069815850064617
full,full,201904,Early,83049,25809,31.076834158147598,31.22619092458217,32.8159801228476,-1.5897891982654289
full,full,201904,Intermediate,83049,31408,37.818637190092595,37.97043139052595,39.43499185309176,-1.4645604625658115
full,full,201904,Latest,83049,29502,35.52360654553336,35.60408828347247,36.204033017399475,-0.5999447339270048
full,full,201904,Combined,83049,57098,68.75218244650749,68.91596970451468,70.32531664376603,-1.4093469392513436
full,full,201905,Early,86180,26869,31.177767463448596,31.190815278416373,32.8159801228476,-1.625164844431226
full,full,201905,Intermediate,86180,32893,38.16778834996519,38.190103077641986,39.43499185309176,-1.2448887754497762
full,full,201905,Latest,86180,30221,35.067300997911346,35.07439506182667,36.204033017399475,-1.1296379555727987
full,full,201905,Combined,86180,59288,68.79554420979346,68.82141330961188,70.32531664376603,-1.503903334154133
full,full,201906,Early,82673,26048,31.50726355642108,31.646843507739646,32.8159801228476,-1.1691366151079519
full,full,201906,Intermediate,82673,31794,38.45753752736685,38.60912635901432,39.43499185309176,-0.8258654940774435
full,full,201906,Latest,82673,29306,35.44809067047283,35.535783906102544,36.204033017399475,-0.6682491112969258
full,full,201906,Combined,82673,57121,69.09269047935844,69.25843790632403,70.32531664376603,-1.0668787374419897
full,full,201907,Early,88413,27788,31.429767115695654,31.595217479315902,32.8159801228476,-1.2207626435316976
full,full,201907,Intermediate,88413,34186,38.666259486727064,38.830095259161546,39.43499185309176,-0.6048965939302153
full,full,201907,Latest,88413,31732,35.8906495651092,35.97914436662497,36.204033017399475,-0.22488865077450182
full,full,201907,Combined,88413,61249,69.27601144628052,69.456586945485,70.32531664376603,-0.8687296982810233
full,full,201908,Early,83214,26498,31.84319946162905,31.936866420103854,32.8159801228476,-0.8791137027437446
full,full,201908,Intermediate,83214,31924,38.363736871199556,38.479380127172924,39.43499185309176,-0.9556117259188368
full,full,201908,Latest,83214,29945,35.9855312807941,36.05789226818948,36.204033017399475,-0.1461407492099942
full,full,201908,Combined,83214,57814,69.4762900473478,69.6131245015803,70.32531664376603,-0.7121921421857191
full,full,201909,Early,77422,24284,31.365761669809615,31.603370851702863,32.8159801228476,-1.2126092711447378
full,full,201909,Intermediate,77422,29539,38.15323809769833,38.37033090494496,39.43499185309176,-1.0646609481468061
full,full,201909,Latest,77422,27664,35.73144584226706,35.87010452644833,36.204033017399475,-0.33392849095114086
full,full,201909,Combined,77422,53493,69.09276433055204,69.36000589112203,70.32531664376603,-0.9653107526439886
full,full,201910,Early,83876,26496,31.589489246029853,31.709053809961716,32.8159801228476,-1.1069263128858808
full,full,201910,Intermediate,83876,32043,38.20282321522247,38.32695438634525,39.43499185309176,-1.1080374667465087
full,full,201910,Latest,83876,29970,35.731317659401974,35.80190850443886,36.204033017399475,-0.402124512960611
full,full,201910,Combined,83876,58058,69.21884686918784,69.37662439459291,70.32531664376603,-0.9486922491731109
full,full,201911,Early,88735,28267,31.855524877444076,31.801786883867155,32.8159801228476,-1.0141932389804431
full,full,201911,Intermediate,88735,34169,38.50678987997971,38.46301860347079,39.43499185309176,-0.9719732496209665
full,full,201911,Latest,88735,31782,35.816757761875245,35.796816194395824,36.204033017399475,-0.4072168230036477
full,full,201911,Combined,88735,61743,69.58133769087733,69.51661679306063,70.32531664376603,-0.8086998507053855
full,full,201912,Early,87904,28174,32.050873680378594,32.031488862917,32.8159801228476,-0.7844912599305975
full,full,201912,Intermediate,87904,33986,38.662631962140516,38.63731469335429,39.43499185309176,-0.7976771597374699
full,full,201912,Latest,87904,31073,35.348789588642155,35.322348677484236,36.204033017399475,-0.8816843399152396
full,full,201912,Combined,87904,61015,69.41094830724427,69.35441787082974,70.32531664376603,-0.9708987729362906
full,full,202001,Early,89379,28620,32.02094451716846,31.980884756508683,32.8159801228476,-0.8350953663389171
full,full,202001,Intermediate,89379,34478,38.57505678067555,38.535097194510676,39.43499185309176,-0.8998946585810852
full,full,202001,Latest,89379,32079,35.89098110294364,35.86963754773864,36.204033017399475,-0.3343954696608309
full,full,202001,Combined,89379,62269,69.66849036127054,69.62019128591837,70.32531664376603,-0.705125357847658
full,full,202002,Early,86279,27805,32.22684546645186,32.18864764788867,32.8159801228476,-0.6273324749589304
full,full,202002,Intermediate,86279,33502,38.82984271954937,38.787309024693904,39.43499185309176,-0.6476828283978553
full,full,202002,Latest,86279,31179,36.13741466637305,36.11827145116802,36.204033017399475,-0.08576156623145148
full,full,202002,Combined,86279,60417,70.02515096373394,69.97396093995745,70.32531664376603,-0.3513557038085757
full,full,202003,Early,88639,28615,32.282629542300796,32.372282671687266,32.8159801228476,-0.44369745116032977
full,full,202003,Intermediate,88639,34278,38.671465156420986,38.76199551406526,39.43499185309176,-0.6729963390264992
full,full,202003,Latest,88639,31719,35.784474102821555,35.845829922680636,36.204033017399475,-0.35820309471883416
full,full,202003,Combined,88639,61691,69.59803246877784,69.72009151116681,70.32531664376603,-0.6052251325992075
full,full,202004,Early,91373,29690,32.49318726538474,32.667816861335034,32.8159801228476,-0.14816326151256276
full,full,202004,Intermediate,91373,35497,38.848456327361475,39.03412100507155,39.43499185309176,-0.4008708480202128
full,full,202004,Latest,91373,32677,35.7622054655095,35.88695774497068,36.204033017399475,-0.31707527242879063
full,full,202004,Combined,91373,63724,69.7405141562606,69.97635733567901,70.32531664376603,-0.3489593080870046
full,full,202005,Early,96791,31352,32.39144135301836,32.41268934667376,32.8159801228476,-0.40329077617384246
full,full,202005,Intermediate,96791,38230,39.49747393869265,39.526802108525644,39.43499185309176,0.09181025543388288
full,full,202005,Latest,96791,34604,35.75125786488413,35.771208844825814,36.204033017399475,-0.43282417257365924
full,full,202005,Combined,96791,68104,70.36191381430092,70.40796028007469,70.32531664376603,0.08264363630866578
full,full,202006,Early,105658,34758,32.896704461564674,33.00998446385554,32.8159801228476,0.19400434100793618
full,full,202006,Intermediate,105658,41964,39.71682219992807,39.83719378202555,39.43499185309176,0.40220192893379303
full,full,202006,Latest,105658,37936,35.90452213746238,35.97820365820129,36.204033017399475,-0.22582935919818192
full,full,202006,Combined,105658,74403,70.41870942096197,70.56971985157011,70.32531664376603,0.2444032078040892
full,full,202007,Early,109345,36308,33.20499336960995,33.265266250341305,32.8159801228476,0.4492861274937032
full,full,202007,Intermediate,109345,43697,39.96250400109744,40.01605802535869,39.43499185309176,0.5810661722669253
full,full,202007,Latest,109345,39708,36.31441766884631,36.340706330891344,36.204033017399475,0.13667331349186962
full,full,202007,Combined,109345,77485,70.86286524303809,70.9225828995491,70.32531664376603,0.5972662557830799
full,full,202008,Early,101334,33970,33.52280577101467,33.40867633612448,32.8159801228476,0.5926962132768832
full,full,202008,Intermediate,101334,40838,40.30039276057394,40.19737393569194,39.43499185309176,0.7623820826001826
full,full,202008,Latest,101334,36586,36.1043677344228,36.04453731261444,36.204033017399475,-0.15949570478503428
full,full,202008,Combined,101334,71953,71.00578285669174,70.8807290228496,70.32531664376603,0.5554123790835641
full,full,202009,Early,108121,36487,33.74645073574976,33.687019965339395,32.8159801228476,0.8710398424917942
full,full,202009,Intermediate,108121,43643,40.36496147834371,40.31298766951805,39.43499185309176,0.8779958164262913
full,full,202009,Latest,108121,39477,36.51187095938809,36.4802077923345,36.204033017399475,0.27617477493502296
full,full,202009,Combined,108121,76970,71.18876074028172,71.12946484381902,70.32531664376603,0.8041482000530009
full,full,202010,Early,107734,36971,34.31692873187666,34.04298256187823,32.8159801228476,1.2270024390306333
full,full,202010,Intermediate,107734,43871,40.72159206935601,40.47350979841147,39.43499185309176,1.0385179453197058
full,full,202010,Latest,107734,39621,36.776690738299884,36.61940835682141,36.204033017399475,0.41537533942193616
full,full,202010,Combined,107734,77183,71.64219280821283,71.36412651141691,70.32531664376603,1.0388098676508917
full,full,202011,Early,101886,34794,34.14993227725105,33.94240069579575,32.8159801228476,1.1264205729481502
full,full,202011,Intermediate,101886,41437,40.66996447009403,40.47185980154266,39.43499185309176,1.036867948450898
full,full,202011,Latest,101886,37390,36.697878020532755,36.58407977547694,36.204033017399475,0.38004675807746247
full,full,202011,Combined,101886,72843,71.49461162475708,71.29406341084285,70.32531664376603,0.9687467670768335
full,full,202012,Early,99428,34104,34.300197127569696,34.149329432477494,32.8159801228476,1.3333493096298943
full,full,202012,Intermediate,99428,40490,40.722935189282694,40.574000854444364,39.43499185309176,1.1390090013526033
full,full,202012,Latest,99428,36804,37.01572997545963,36.936922003031945,36.204033017399475,0.7328889856324738
full,full,202012,Combined,99428,71419,71.82986683831517,71.67649359173889,70.32531664376603,1.3511769479728652
full,full,202101,Early,111019,38323,34.5193165133896,34.20491387582559,32.8159801228476,1.3889337529779888
full,full,202101,Intermediate,111019,45624,41.095668309028184,40.804800993581715,39.43499185309176,1.3698091404899526
full,full,202101,Latest,111019,40889,36.83063259442078,36.66672376978526,36.204033017399475,0.46269075238578594
full,full,202101,Combined,111019,79895,71.96515911690791,71.6436817727615,70.32531664376603,1.318365128995469
full,full,202102,Early,104772,36569,34.90340930783034,34.589576817542635,32.8159801228476,1.7735966946950343
full,full,202102,Intermediate,104772,43492,41.511090749436875,41.21727762565672,39.43499185309176,1.7822857725649621
full,full,202102,Latest,104772,39220,37.43366548314435,37.27038351722645,36.204033017399475,1.066350499826979
full,full,202102,Combined,104772,75963,72.50314969648379,72.20873381549309,70.32531664376603,1.8834171717270642
full,full,202103,Early,118939,41509,34.89940221458058,34.687541764503976,32.8159801228476,1.8715616416563774
full,full,202103,Intermediate,118939,49518,41.63310604595633,41.43575847417246,39.43499185309176,2.0007666210806963
full,full,202103,Latest,118939,44790,37.65795912190283,37.54978405749067,36.204033017399475,1.3457510400911976
full,full,202103,Combined,118939,86447,72.68179486963906,72.48224489368138,70.32531664376603,2.1569282499153575
full,full,202104,Early,105266,36907,35.06070336100925,34.77572354051976,32.8159801228476,1.9597434176721662
full,full,202104,Intermediate,105266,43348,41.17948815381985,40.89703452141977,39.43499185309176,1.4620426683280119
full,full,202104,Latest,105266,39682,37.69688218418103,37.530071055209966,36.204033017399475,1.3260380378104897
full,full,202104,Combined,105266,75989,72.18760093477476,71.87565077445919,70.32531664376603,1.550334130693165
full,full,202105,Early,109132,38453,35.23531136605212,34.99749976514715,32.8159801228476,2.1815196422995453
full,full,202105,Intermediate,109132,45567,41.75402265146795,41.52298322279197,39.43499185309176,2.0879913697002097
full,full,202105,Latest,109132,41424,37.957702598687824,37.81899838245949,36.204033017399475,1.614965365060017
full,full,202105,Combined,109132,79285,72.65055162555437,72.41365190807409,70.32531664376603,2.088335264308061
full,full,202106,Early,113137,40136,35.4755738617782,35.19620894652449,32.8159801228476,2.3802288236768945
full,full,202106,Intermediate,113137,47280,41.7900421612735,41.51152029587082,39.43499185309176,2.0765284427790576
full,full,202106,Latest,113137,42813,37.841731705808,37.66601761663439,36.204033017399475,1.4619845992349167
full,full,202106,Combined,113137,82220,72.67295402918586,72.35959880293514,70.32531664376603,2.0342821591691207
full,full,202107,Early,110695,39853,36.00252947287592,35.67171956666979,32.8159801228476,2.8557394438221917
full,full,202107,Intermediate,110695,46573,42.07326437508469,41.749092321729066,39.43499185309176,2.3141004686373035
full,full,202107,Latest,110695,42196,38.119156240119246,37.930638897894866,36.204033017399475,1.726605880495391
full,full,202107,Combined,110695,81043,73.2128822440038,72.8777277933726,70.32531664376603,2.5524111496065705
full,full,202108,Early,105241,37582,35.710417042787505,35.31036711170552,32.8159801228476,2.494386988857916
full,full,202108,Intermediate,105241,44506,42.28960196121284,41.904176916914885,39.43499185309176,2.469185063823126
full,full,202108,Latest,105241,40250,38.24555068841991,38.01644230108695,36.204033017399475,1.8124092836874772
full,full,202108,Combined,105241,77056,73.21861251793503,72.82250487225554,70.32531664376603,2.497188228489511
full,full,202109,Early,106778,38411,35.97276592556519,35.61522609832158,32.8159801228476,2.79924597547398
full,full,202109,Intermediate,106778,45025,42.16692577122628,41.83607955557471,39.43499185309176,2.4010877024829513
full,full,202109,Latest,106778,41052,38.4461218603083,38.25373001313832,36.204033017399475,2.049696995738853
full,full,202109,Combined,106778,78367,73.39245912079268,73.05528638909345,70.32531664376603,2.729969745327432
full,full,202110,Early,106379,38821,36.4931048421211,36.07110916116552,32.8159801228476,3.2551290383179223
full,full,202110,Intermediate,106379,44981,42.28372141118078,41.89394612197898,39.43499185309176,2.4589542688872146
full,full,202110,Latest,106379,40556,38.12406584006242,37.87746953317137,36.204033017399475,1.6734365157718978
full,full,202110,Combined,106379,78153,73.4665676496301,73.04445024784954,70.32531664376603,2.7191336040835123
full,full,202111,Early,105921,38060,35.932440214877126,35.548402492129284,32.8159801228476,2.732422369281684
full,full,202111,Intermediate,105921,44999,42.483549060148604,42.098461722721964,39.43499185309176,2.6634698696302026
full,full,202111,Latest,105921,40887,38.60141048517291,38.35289270543363,36.204033017399475,2.14885968803416
full,full,202111,Combined,105921,77938,73.58125395341811,73.17465394754949,70.32531664376603,2.8493373037834613
full,full,202112,Early,105117,38233,36.371852316942075,35.94714085618422,32.8159801228476,3.1311607333366185
full,full,202112,Intermediate,105117,44374,42.21391401961624,41.82094181563814,39.43499185309176,2.3859499625463796
full,full,202112,Latest,105117,40102,38.14987109601682,37.898329351269346,36.204033017399475,1.6942963338698713
full,full,202112,Combined,105117,77100,73.3468420902423,72.91946533910969,70.32531664376603,2.5941486953436677
full,full,202201,Early,110684,40810,36.87073109031115,36.2774984488919,32.8159801228476,3.4615183260442994
full,full,202201,Intermediate,110684,47360,42.78847891294134,42.22587679489301,39.43499185309176,2.7908849418012527
full,full,202201,Latest,110684,42965,38.81771529760399,38.49339545838303,36.204033017399475,2.2893624409835556
full,full,202201,Combined,110684,82034,74.11549998193054,73.52292561289087,70.32531664376603,3.1976089691248544
full,full,202202,Early,103266,38033,36.83012801890264,36.307932954805494,32.8159801228476,3.491952831957895
full,full,202202,Intermediate,103266,44416,43.01125249356032,42.54766581118841,39.43499185309176,3.112673958096651
full,full,202202,Latest,103266,40344,39.0680378827494,38.76887928353515,36.204033017399475,2.5648462661356786
full,full,202202,Combined,103266,76772,74.3439273332946,73.8401237437108,70.32531664376603,3.5148070999447834
full,full,202203,Early,116364,42806,36.78629129283971,36.20364730198089,32.8159801228476,3.3876671791332855
full,full,202203,Intermediate,116364,49858,42.84658485442233,42.328096601895744,39.43499185309176,2.8931047488039816
full,full,202203,Latest,116364,45540,39.1358152005775,38.81976830648072,36.204033017399475,2.6157352890812446
full,full,202203,Combined,116364,86187,74.06672166649479,73.55709983773747,70.32531664376603,3.231783193971449
full,full,202204,Early,105294,39292,37.316466275381316,36.77291616809128,32.8159801228476,3.9569360452436806
full,full,202204,Intermediate,105294,45543,43.25317681919198,42.76028846054155,39.43499185309176,3.3252966074497903
full,full,202204,Latest,105294,41312,39.23490417307729,38.91817730520129,36.204033017399475,2.714144287801817
full,full,202204,Combined,105294,78401,74.45913347389215,73.97407058550999,70.32531664376603,3.6487539417439763
full,full,202205,Early,107841,40391,37.45421500171549,36.925700484846125,32.8159801228476,4.109720361998526
full,full,202205,Intermediate,107841,46642,43.2507116959227,42.756521690027306,39.43499185309176,3.321529836935544
full,full,202205,Latest,107841,42877,39.75946068749362,39.46911579300846,36.204033017399475,3.265082775608991
full,full,202205,Combined,107841,80501,74.64786120306748,74.19778123869605,70.32531664376603,3.872464594930025
full,full,202206,Early,110259,41828,37.936132197825124,37.30154903828617,32.8159801228476,4.48556891543857
full,full,202206,Intermediate,110259,47848,43.39600395432572,42.811835317466134,39.43499185309176,3.3768434643743737
full,full,202206,Latest,110259,43375,39.339192265483995,38.99524252292746,36.204033017399475,2.7912095055279917
full,full,202206,Combined,110259,82410,74.74219791581639,74.1704372000549,70.32531664376603,3.8451205562888835
full,full,202207,Early,108125,40711,37.65179190751445,37.02530685724534,32.8159801228476,4.209326734397739
full,full,202207,Intermediate,108125,46901,43.37664739884393,42.75949507542766,39.43499185309176,3.324503222335901
full,full,202207,Latest,108125,43021,39.78820809248555,39.422622442339254,36.204033017399475,3.2185894249397826
full,full,202207,Combined,108125,80650,74.58959537572254,73.99017973062176,70.32531664376603,3.664863086855741
full,full,202208,Early,112272,42782,38.105671939575316,37.31755650260463,32.8159801228476,4.501576379757033
full,full,202208,Intermediate,112272,48938,43.58878438078951,42.89944178127451,39.43499185309176,3.4644499281827503
full,full,202208,Latest,112272,44521,39.65458885563631,39.245824198015995,36.204033017399475,3.0417911806165208
full,full,202208,Combined,112272,84306,75.0908507909363,74.39038960980123,70.32531664376603,4.06507296603521
full,full,202209,Early,114124,43864,38.43538607129088,37.71913104753001,32.8159801228476,4.903150924682414
full,full,202209,Intermediate,114124,49995,43.80761277207248,43.142996076393125,39.43499185309176,3.7080042233013644
full,full,202209,Latest,114124,44834,39.28533875433739,38.88610004140482,36.204033017399475,2.6820670240053524
full,full,202209,Combined,114124,85682,75.07798534926921,74.43297815265838,70.32531664376603,4.107661508892358
full,full,202210,Early,107833,41216,38.22206560143926,37.55279279149569,32.8159801228476,4.7368126686480885
full,full,202210,Intermediate,107833,47528,44.07556128457893,43.438088567599756,39.43499185309176,4.003096714507992
full,full,202210,Latest,107833,42853,39.74015375627127,39.34092786954423,36.204033017399475,3.1368948521447617
full,full,202210,Combined,107833,81207,75.30811532647705,74.68341562029595,70.32531664376603,4.358098976529923
full,full,202211,Early,112131,42945,38.298953902132325,37.54747778256973,32.8159801228476,4.7314976597221285
full,full,202211,Intermediate,112131,49291,43.958405793223996,43.2188210771055,39.43499185309176,3.7838292240137408
full,full,202211,Latest,112131,44746,39.90511098625714,39.471181283518796,36.204033017399475,3.267148266119324
full,full,202211,Combined,112131,84379,75.25037679143145,74.52226497039679,70.32531664376603,4.196948326630768
full,full,202212,Early,112572,43105,38.29104928401379,37.528028815449105,32.8159801228476,4.712048692601506
full,full,202212,Intermediate,112572,49243,43.74355967736204,43.025273786779756,39.43499185309176,3.5902819336879945
full,full,202212,Latest,112572,44117,39.19002949223608,38.81245581245369,36.204033017399475,2.6084227950542163
full,full,202212,Combined,112572,84277,74.86497530469389,74.15198036650392,70.32531664376603,3.8266637227378997
full,full,202301,Early,108447,42108,38.82818335223658,38.01908787712702,32.8159801228476,5.203107754279424
full,full,202301,Intermediate,108447,48230,44.47333720619289,43.708765815412924,39.43499185309176,4.273773962321164
full,full,202301,Latest,108447,43955,40.53131944636551,40.080004125744516,36.204033017399475,3.8759711083450443
full,full,202301,Combined,108447,82342,75.92833365607163,75.17607425544564,70.32531664376603,4.850757611679624
full,full,202302,Early,104444,40542,38.81697368924974,38.094528971990734,32.8159801228476,5.278548849143133
full,full,202302,Intermediate,104444,46257,44.288805484278654,43.598301035721185,39.43499185309176,4.163309182629421
full,full,202302,Latest,104444,42018,40.23017119221784,39.826489153204854,36.204033017399475,3.62245613580538
full,full,202302,Combined,104444,79098,75.73244992531883,75.06436448388814,70.32531664376603,4.739047840122124
full,full,202303,Early,116293,45168,38.83982698872675,38.0398641250683,32.8159801228476,5.223884002220702
full,full,202303,Intermediate,116293,51993,44.70862390685596,43.97482152046623,39.43499185309176,4.539829667374468
full,full,202303,Latest,116293,47054,40.4615927011944,40.0258884080032,36.204033017399475,3.8218553906037234
full,full,202303,Combined,116293,88183,75.82829577016673,75.13914076321538,70.32531664376603,4.81382411944935
full,full,202304,Early,100339,39152,39.01972313856028,38.37843833314473,32.8159801228476,5.562458210297128
full,full,202304,Intermediate,100339,45164,45.01141131563998,44.35957615741544,39.43499185309176,4.924584304323676
full,full,202304,Latest,100339,40913,40.77477351777474,40.43469463622818,36.204033017399475,4.230661618828707
full,full,202304,Combined,100339,76269,76.01132161970918,75.44213354653941,70.32531664376603,5.11681690277338
full,full,202305,Early,107765,42891,39.80049181088479,39.149118956511245,32.8159801228476,6.333138833663643
full,full,202305,Intermediate,107765,49234,45.68644736231615,45.06646037903393,39.43499185309176,5.631468525942163
full,full,202305,Latest,107765,44298,41.10611051825732,40.76389398950494,36.204033017399475,4.559860972105467
full,full,202305,Combined,107765,82600,76.64826242286456,76.11311940938548,70.32531664376603,5.787802765619454
full,full,202306,Early,106538,43274,40.61837090991008,39.77885198430741,32.8159801228476,6.962871861459807
full,full,202306,Intermediate,106538,49623,46.577746907206816,45.809412412302656,39.43499185309176,6.374420559210897
full,full,202306,Latest,106538,44472,41.7428523156057,41.323921357589036,36.204033017399475,5.11988834018956
full,full,202306,Combined,106538,82326,77.27383656535696,76.59440563536923,70.32531664376603,6.2690889916031995
full,full,202307,Early,102833,42796,41.61699065475091,40.74039071228429,32.8159801228476,7.924410589436687
full,full,202307,Intermediate,102833,48956,47.60728559898087,46.825739091361214,39.43499185309176,7.3907472382694515
full,full,202307,Latest,102833,43150,41.96123812394854,41.50995702376788,36.204033017399475,5.3059240063684125
full,full,202307,Combined,102833,79846,77.64628086314704,76.90884561161646,70.32531664376603,6.583528967850427
full,full,202308,Early,102168,43149,42.233380314775665,41.36077075333341,32.8159801228476,8.54479063048581
full,full,202308,Intermediate,102168,49328,48.281262234750606,47.50544111607422,39.43499185309176,8.070449262982466
full,full,202308,Latest,102168,43388,42.467308746378514,41.999464401916796,36.204033017399475,5.795431384517324
full,full,202308,Combined,102168,79638,77.94808550622504,77.25354226213946,70.32531664376603,6.928225618373441
full,full,202309,Early,101632,43740,43.037625944584384,42.09516694607158,32.8159801228476,9.279186823223979
full,full,202309,Intermediate,101632,49994,49.191199622166245,48.38774210244623,39.43499185309176,8.952750249354475
full,full,202309,Latest,101632,43348,42.65192065491184,42.151624217932124,36.204033017399475,5.947591200532648
full,full,202309,Combined,101632,79723,78.44281328715365,77.71948732814167,70.32531664376603,7.394170684375645
full,full,202310,Early,102912,45557,44.26791822139303,43.33452922262745,32.8159801228476,10.518549099779856
full,full,202310,Intermediate,102912,51547,50.08842506218905,49.30186097425999,39.43499185309176,9.866869121168225
full,full,202310,Latest,102912,44856,43.586753731343286,43.09960187407886,36.204033017399475,6.895568856679385
full,full,202310,Combined,102912,81517,79.21039334577114,78.50963361140595,70.32531664376603,8.184316967639926
full,full,202311,Early,106903,48309,45.18956437143953,44.13794058734843,32.8159801228476,11.32196046450083
full,full,202311,Intermediate,106903,55081,51.52427901929787,50.65384971038019,39.43499185309176,11.218857857288434
full,full,202311,Latest,106903,47227,44.177431877496424,43.605386673062014,36.204033017399475,7.4013536556625406
full,full,202311,Combined,106903,85326,79.81628205008279,79.01672336448654,70.32531664376603,8.691406720720519
full,full,202312,Early,101667,46218,45.46017881908584,44.47343259826702,32.8159801228476,11.657452475419417
full,full,202312,Intermediate,101667,52509,51.64802738351678,50.76281026432543,39.43499185309176,11.32781841123367
full,full,202312,Latest,101667,44827,44.091986583650545,43.53666502433464,36.204033017399475,7.332632006935169
full,full,202312,Combined,101667,81266,79.9335084147265,79.12672534810102,70.32531664376603,8.801408704334989
full,full,202401,Early,110700,51788,46.782294489611566,45.663432341894314,32.8159801228476,12.847452219046712
full,full,202401,Intermediate,110700,58992,53.289972899728994,52.330367180547555,39.43499185309176,12.895375327455794
full,full,202401,Latest,110700,50319,45.45528455284553,44.81849942518832,36.204033017399475,8.614466407788852
full,full,202401,Combined,110700,89624,80.96115627822945,80.08571989006688,70.32531664376603,9.760403246300864
full,full,202402,Early,109223,52014,47.62183789128663,46.47115962127572,32.8159801228476,13.655179498428122
full,full,202402,Intermediate,109223,58947,53.96940204901898,52.99725232796219,39.43499185309176,13.562260474870424
full,full,202402,Latest,109223,50069,45.841077428746694,45.192326246674455,36.204033017399475,8.988293229274985
full,full,202402,Combined,109223,88926,81.41691768217316,80.53565597281592,70.32531664376603,10.2103393290499
full,full,202403,Early,109109,52238,47.876893748453384,46.81556734350862,32.8159801228476,13.99958722066102
full,full,202403,Intermediate,109109,59453,54.48954715009761,53.63484941827525,39.43499185309176,14.199857565183493
full,full,202403,Latest,109109,49950,45.779908165229266,45.21705534242081,36.204033017399475,9.013022325021335
full,full,202403,Combined,109109,89100,81.6614578082468,80.9369344643295,70.32531664376603,10.611617820563469
full,full,202404,Early,108284,52826,48.78467732998411,47.702176494321584,32.8159801228476,14.886196371473986
full,full,202404,Intermediate,108284,59810,55.234383657788776,54.3297453884088,39.43499185309176,14.89475353531704
full,full,202404,Latest,108284,50255,46.41036533559898,45.81527572989027,36.204033017399475,9.611242712490792
full,full,202404,Combined,108284,88833,82.03705071848103,81.22879820022597,70.32531664376603,10.903481556459948
full,full,202405,Early,113531,56114,49.42614792435546,48.281327627257326,32.8159801228476,15.465347504409726
full,full,202405,Intermediate,113531,64055,56.42071328535818,55.50372410411002,39.43499185309176,16.068732251018258
full,full,202405,Latest,113531,53566,47.18182698998511,46.56212102369768,36.204033017399475,10.358088006298205
full,full,202405,Combined,113531,93920,82.72630382891016,81.88901931468054,70.32531664376603,11.56370267091451
full,full,202406,Early,105702,53105,50.24029819681747,49.04053048871469,32.8159801228476,16.224550365867085
full,full,202406,Intermediate,105702,60615,57.34517795311347,56.37173612588319,39.43499185309176,16.936744272791426
full,full,202406,Latest,105702,50202,47.49389793949027,46.843465513389845,36.204033017399475,10.639432495990375
full,full,202406,Combined,105702,88070,83.3191424949386,82.47927081590478,70.32531664376603,12.153954172138759
full,full,202407,Early,116153,58635,50.480831317314234,49.37801529293067,32.8159801228476,16.562035170083067
full,full,202407,Intermediate,116153,67252,57.8994946320801,57.03360276600705,39.43499185309176,17.59861091291529
full,full,202407,Latest,116153,55678,47.93505118249206,47.292254712702075,36.204033017399475,11.088221695302602
full,full,202407,Combined,116153,96919,83.44080652243161,82.63401388561516,70.32531664376603,12.308697241849142
full,full,202408,Early,110821,56633,51.10313027314318,50.026377410046884,32.8159801228476,17.210397287199285
full,full,202408,Intermediate,110821,65184,58.819176870809684,57.96753455958631,39.43499185309176,18.53254270649455
full,full,202408,Latest,110821,53686,48.44388698892809,47.8303906468028,36.204033017399475,11.626357629403328
full,full,202408,Combined,110821,93156,84.05988034758755,83.32076862973734,70.32531664376603,12.995451985971318
full,full,202409,Early,110208,56951,51.6759218931475,50.53726447216206,32.8159801228476,17.72128434931446
full,full,202409,Intermediate,110208,65385,59.32872386759582,58.40995542651479,39.43499185309176,18.974963573423032
full,full,202409,Latest,110208,53689,48.71606416957027,48.05791367835422,36.204033017399475,11.853880660954747
full,full,202409,Combined,110208,92627,84.04743757259001,83.28626838442482,70.32531664376603,12.9609517406588
full,full,202410,Early,115575,59809,51.74908068353883,50.48764509240359,32.8159801228476,17.67166496955599
full,full,202410,Intermediate,115575,69982,60.5511572571923,59.57546957361303,39.43499185309176,20.140477720521265
full,full,202410,Latest,115575,57439,49.69846420073545,49.007998755974604,36.204033017399475,12.80396573857513
full,full,202410,Combined,115575,97937,84.73891412502704,83.90586407539055,70.32531664376603,13.580547431624534
full,full,202411,Early,113000,59163,52.356637168141596,51.06603541433971,32.8159801228476,18.250055291492107
full,full,202411,Intermediate,113000,69733,61.71061946902655,60.71884704225637,39.43499185309176,21.283855189164612
full,full,202411,Latest,113000,57074,50.50796460176991,49.771863628180206,36.204033017399475,13.567830610780735
full,full,202411,Combined,113000,96353,85.26814159292036,84.40980645770854,70.32531664376603,14.084489813942513
full,full,202412,Early,109047,57658,52.87444863224114,51.49095546554575,32.8159801228476,18.674975342698154
full,full,202412,Intermediate,109047,67810,62.184195805478375,61.19619984765651,39.43499185309176,21.761207994564746
full,full,202412,Latest,109047,55633,51.01745119077095,50.263110660055446,36.204033017399475,14.059077642655971
full,full,202412,Combined,109047,93485,85.72908929177328,84.88416733430599,70.32531664376603,14.558850690539959
full,full,202501,Early,120935,64237,53.11696365816348,51.69518162958751,32.8159801228476,18.879201506739907
full,full,202501,Intermediate,120935,77318,63.933518005540165,62.93256231804316,39.43499185309176,23.4975704649514
full,full,202501,Latest,120935,63693,52.667135237937735,51.8989792329174,36.204033017399475,15.694946215517923
full,full,202501,Combined,120935,104730,86.60023979823872,85.7235066226704,70.32531664376603,15.398189978904375
full,full,202502,Early,111035,58885,53.03282748682848,51.62253138400098,32.8159801228476,18.80655126115338
full,full,202502,Intermediate,111035,71732,64.60305309136758,63.5999386098808,39.43499185309176,24.164946756789043
full,full,202502,Latest,111035,59226,53.33993785743234,52.54922333814639,36.204033017399475,16.345190320746916
full,full,202502,Combined,111035,96315,86.74291889944612,85.88844749607814,70.32531664376603,15.563130852312124
full,full,202503,Early,119822,64286,53.651249353207255,52.20450851862217,32.8159801228476,19.388528395774575
full,full,202503,Intermediate,119822,78855,65.8101183422076,64.84706582973942,39.43499185309176,25.412073976647655
full,full,202503,Latest,119822,65413,54.591811186593446,53.809072341072905,36.204033017399475,17.60503932367343
full,full,202503,Combined,119822,104745,87.41716880038724,86.57940778638998,70.32531664376603,16.25409114262395
full,full,202504,Early,119791,63794,53.254418111544275,51.85579975318622,32.8159801228476,19.039819630338616
full,full,202504,Intermediate,119791,80459,67.16614770725681,66.2012446585209,39.43499185309176,26.766252805429147
full,full,202504,Latest,119791,66820,55.78048434356504,54.9993006239879,36.204033017399475,18.79526760658843
full,full,202504,Combined,119791,105394,87.98156789742134,87.1816368882673,70.32531664376603,16.856320244501287
full,full,202505,Early,123756,65113,52.61401467403601,51.15344011803812,32.8159801228476,18.33745999519052
full,full,202505,Intermediate,123756,84599,68.35951388215521,67.37907990614225,39.43499185309176,27.944088053050496
full,full,202505,Latest,123756,71411,57.7030608616956,56.908317161922476,36.204033017399475,20.704284144523
full,full,202505,Combined,123756,109669,88.61711755389638,87.81879164760622,70.32531664376603,17.493475003840196
full,full,202506,Early,114981,59322,51.59287186578652,50.23519105427392,32.8159801228476,17.41921093142632
full,full,202506,Intermediate,114981,79476,69.12098520625146,68.20271170790855,39.43499185309176,28.767719854816786
full,full,202506,Latest,114981,67530,58.73144258616641,57.9296660615612,36.204033017399475,21.72563304416173
full,full,202506,Combined,114981,102317,88.9860063836634,88.26202520707625,70.32531664376603,17.936708563310233
full,full,202507,Early,135462,70125,51.76728529033973,50.17832872984288,32.8159801228476,17.362348606995283
full,full,202507,Intermediate,135462,95659,70.61685195848283,69.4684475700521,39.43499185309176,30.033455716960344
full,full,202507,Latest,135462,82327,60.774977484460585,59.857836446452204,36.204033017399475,23.653803429052733
full,full,202507,Combined,135462,121593,89.76170438942286,88.86231528750069,70.32531664376603,18.53699864373467
full,full,202508,Early,117838,59445,50.446375532510736,48.97054882896981,32.8159801228476,16.154568706122213
full,full,202508,Intermediate,117838,84104,71.37256233133624,70.39508161953214,39.43499185309176,30.96008976644038
full,full,202508,Latest,117838,72960,61.9155111254434,61.05239466613743,36.204033017399475,24.84836164873796
full,full,202508,Combined,117838,106123,90.05838524075426,89.29578091978686,70.32531664376603,18.970464276020838
full,full,202509,Early,120896,59389,49.124040497617784,47.5937753014981,32.8159801228476,14.7777951786505
full,full,202509,Intermediate,120896,86593,71.6260256749603,70.62121362369682,39.43499185309176,31.18622177060506
full,full,202509,Latest,120896,75633,62.56038247750132,61.68134090558803,36.204033017399475,25.477307888188562
full,full,202509,Combined,120896,109182,90.3106802541027,89.53308071268857,70.32531664376603,19.20776406892255
full,full,202510,Early,127113,61754,48.581970372817885,46.86353621737008,32.8159801228476,14.047556094522484
full,full,202510,Intermediate,127113,92275,72.59288979097339,71.48934948229557,39.43499185309176,32.054357629203814
full,full,202510,Latest,127113,81604,64.19799705773603,63.211202057685654,36.204033017399475,27.007169040286183
full,full,202510,Combined,127113,115450,90.82469928331484,89.98468576188586,70.32531664376603,19.65936911811983
full,full,202511,Early,124362,58799,47.28051977292099,45.500313270014445,32.8159801228476,12.684333147166843
full,full,202511,Intermediate,124362,90784,72.99979093292163,71.7180875947587,39.43499185309176,32.28309574166693
full,full,202511,Latest,124362,81467,65.50795259001946,64.40832856046124,36.204033017399475,28.204295543061765
full,full,202511,Combined,124362,113493,91.26019202007043,90.30275962794978,70.32531664376603,19.977442984183757
full,full,202512,Early,124635,57647,46.25265776066113,44.53229753599309,32.8159801228476,11.716317413145488
full,full,202512,Intermediate,124635,91265,73.22581939262646,71.91212570789216,39.43499185309176,32.4771338548004
full,full,202512,Latest,124635,83028,66.61692141051871,65.44761965802918,36.204033017399475,29.243586640629715
full,full,202512,Combined,124635,113927,91.40851285754403,90.4632247685216,70.32531664376603,20.137908124755576
full,full,202601,Early,126581,56958,44.99727447247217,43.173617568205074,32.8159801228476,10.357637445357476
full,full,202601,Intermediate,126581,93342,73.74092478334032,72.33428525747152,39.43499185309176,32.89929340437976
full,full,202601,Latest,126581,86729,68.51660201768038,67.25915518243043,36.204033017399475,31.05512216503096
full,full,202601,Combined,126581,116286,91.86686785536534,90.86963299698722,70.32531664376603,20.54431635322119
full,full,202602,Early,119264,52769,44.24553930775423,42.4483126232017,32.8159801228476,9.632332500354101
full,full,202602,Intermediate,119264,87902,73.70371612557017,72.31987645131817,39.43499185309176,32.88488459822641
full,full,202602,Latest,119264,82709,69.34951033002415,67.9974745907418,36.204033017399475,31.793441573342328
full,full,202602,Combined,119264,109811,92.07388650389053,91.1193742038385,70.32531664376603,20.794057560072478
full,full,202603,Early,129361,55260,42.717666066279634,40.80010562852966,32.8159801228476,7.98412550568206
full,full,202603,Intermediate,129361,94910,73.36832584782121,71.85455042130006,39.43499185309176,32.419558568208295
full,full,202603,Latest,129361,91165,70.4733265822002,69.08472403432646,36.204033017399475,32.880691016926974
full,full,202603,Combined,129361,119058,92.03546663986828,90.9624924836846,70.32531664376603,20.637175839918577
full,full,202604,Early,127638,53374,41.81670035569345,39.84249691065763,32.8159801228476,7.026516787810028
full,full,202604,Intermediate,127638,94010,73.6536141274542,71.99149574940864,39.43499185309176,32.55650389631688
full,full,202604,Latest,127638,91977,72.06082827997932,70.59094615887406,36.204033017399475,34.386913141474594
full,full,202604,Combined,127638,118013,92.45914226170889,91.36046881470187,70.32531664376603,21.035152170935856
full,full,202605,Early,128258,51770,40.36395390540941,38.453284479359446,32.8159801228476,5.637304356511846
full,full,202605,Intermediate,128258,95089,74.13884514026415,72.44039502736848,39.43499185309176,33.00540317427673
full,full,202605,Latest,128258,93847,73.17048449219541,71.57372021323386,36.204033017399475,35.36968719583439
full,full,202605,Combined,128258,119044,92.81604266400537,91.7118736881518,70.32531664376603,21.38655704438578
full,full,202606,Early,133769,52571,39.29983778005367,37.16959336637935,32.8159801228476,4.353613243531757
full,full,202606,Intermediate,133769,98531,73.65757387735574,71.79357880273342,39.43499185309176,32.358586949641655
full,full,202606,Latest,133769,99186,74.14722394575723,72.26311632980929,36.204033017399475,36.059083312409825
full,full,202606,Combined,133769,124248,92.88250641030433,91.6401564795143,70.32531664376603,21.314839835748277
full,full,202607,Early,133117,50496,37.93354718030004,35.76757491304443,32.8159801228476,2.951594790196832
full,full,202607,Intermediate,133117,97451,73.20702840358481,71.16771420770228,39.43499185309176,31.73272235461051
full,full,202607,Latest,133117,99984,75.10986575719105,73.10357919348735,36.204033017399475,36.899546176087874
full,full,202607,Combined,133117,123885,93.06474755290459,91.76098012520572,70.32531664376603,21.435663481439704
full,full,202608,Early,108840,39545,36.33314957736126,34.38095406993584,32.8159801228476,1.564973947088244
full,full,202608,Intermediate,108840,79044,72.62403528114663,70.5855428926712,39.43499185309176,31.150551039579433
full,full,202608,Latest,108840,82620,75.909592061742,73.79235973047406,36.204033017399475,37.58832671307459
full,full,202608,Combined,108840,101369,93.13579566335906,91.76587955388217,70.32531664376603,21.440562910116157
