fit,group,step,word,observed_percent,baseline_percent,excess_pp,increment_pp
full,Early,1,research,15.277867736209638,10.847941537363953,4.429926198845685,4.429926198845684
full,Early,2,crucial,19.91878748995637,13.09140383737472,6.827383652581648,2.3974574537359614
full,Early,3,additionally,24.59663827830965,15.795853696857693,8.800784581451959,1.9734009288703143
full,Early,4,impact,31.2388865309623,21.763135245869396,9.475751285092905,0.6749667036409487
full,Early,5,aims,34.629345810924086,24.706788850435174,9.922556960488915,0.44680567539601174
full,Early,6,utilizing,35.62962034156702,25.341054146314377,10.28856619525264,0.36600923476371616
full,Early,7,holds,36.04657271809368,25.548182741591397,10.498389976502281,0.20982378124964216
full,Early,8,utilized,37.32741090972987,26.645481033966167,10.681929875763702,0.18353989926142622
full,Early,9,impacts,38.25788601002009,27.41274469102325,10.845141318996838,0.1632114432331342
full,Early,10,intricate,38.500361233486174,27.49723697421873,11.003124259267445,0.15798294027060722
full,Early,11,exploration,39.03935005475972,27.898120153466223,11.141229901293498,0.13810564202605952
full,Early,12,constructed,40.16989636662335,28.898945745794435,11.270950620828913,0.12972071953540154
full,Early,13,employing,40.67563725040633,29.311067590005415,11.36456966040092,0.09361903957202554
full,Early,14,utilization,41.472021095875085,30.02431822324799,11.447702872627092,0.0831332122261597
full,Early,15,impacting,41.65127768670899,30.12440977341278,11.526867913296208,0.0791650406691122
full,Early,16,exploring,42.04117260159625,30.451050331911496,11.590122269684755,0.06325435638854915
full,Early,17,alleviate,42.37710429985455,30.725655871629275,11.651448428225276,0.06132615854053266
full,Early,18,utilizes,42.56195975450983,30.85272021770643,11.709239536803395,0.05779110857811315
full,Early,19,experiencing,42.9146504440448,31.151488887095702,11.763161556949097,0.05392202014570149
full,Early,20,prospects,43.098894160384354,31.286712503936343,11.812181656448011,0.049020099498909155
full,Early,21,implementing,43.43796427935729,31.57894027031687,11.85902400904042,0.046842352592415905
full,Early,22,avenue,43.585790837874534,31.683549763796982,11.902241074077551,0.04321706503713342
full,Early,23,predicting,44.549104610620184,32.6051202908027,11.94398431981748,0.041743245739921296
full,Early,24,showcasing,44.59600645398981,32.611189169882984,11.984817284106825,0.04083296428934823
full,Early,25,aiding,44.66542774185064,32.644972596763225,12.020455145087421,0.03563786098060207
full,Early,26,encompassed,44.72791930691849,32.67459771760697,12.053321589311516,0.032866444224082594
full,Early,27,benefiting,44.813003372935164,32.72820614948279,12.084797223452377,0.03147563414085926
full,Early,28,complexities,44.89403947140963,32.77958932569584,12.114450145713796,0.029652922261407595
full,Early,29,harnessing,44.95226158199232,32.81370991252498,12.138551669467335,0.024101523753550038
full,Early,30,delves,44.97736363711803,32.8159801228476,12.16138351427043,0.02283184480309023
full,Intermediate,1,findings,20.695182693597257,12.613917917736122,8.081264775861136,8.081264775861142
full,Intermediate,2,while,35.78430051488078,24.48599403856256,11.298306476318226,3.2170417004570915
full,Intermediate,3,challenges,39.69057151656444,26.51664097882478,13.17393053773966,1.8756240614214235
full,Intermediate,4,highlights,41.93081741966061,27.572333733504728,14.358483686155882,1.1845531484162168
full,Intermediate,5,insights,44.2693154933888,28.90004713496086,15.36926835842794,1.0107846722720704
full,Intermediate,6,enhance,46.55763371368859,30.45475909134944,16.102874622339147,0.7336062639112054
full,Intermediate,7,highlighting,47.59957509789395,30.874770478364788,16.72480461952916,0.6219299971900201
full,Intermediate,8,enhancing,48.72747385317057,31.489143337258625,17.238330515911947,0.5135258963827791
full,Intermediate,9,notably,49.84126251390262,32.148718106635606,17.692544407267015,0.45421389135507034
full,Intermediate,10,learning,51.93464878498304,33.83065175041084,18.103997034572206,0.4114526273052065
full,Intermediate,11,offering,52.462848029097145,34.03173394393749,18.43111408515965,0.3271170505874197
full,Intermediate,12,offers,53.4432097593279,34.71610120822392,18.72710855110399,0.2959944659443384
full,Intermediate,13,achieving,54.230192232938165,35.251174047135414,18.979018185802754,0.2519096346987669
full,Intermediate,14,underscores,54.52093622079517,35.30505220697036,19.215884013824812,0.2368658280220595
full,Intermediate,15,comprehensive,56.20718431216125,36.83002665586557,19.377157656295687,0.161273642470895
full,Intermediate,16,underscoring,56.36197185077687,36.85891002482172,19.503061825955154,0.1259041696594634
full,Intermediate,17,notable,56.66577991095183,37.060711492906044,19.605068418045786,0.10200659209062773
full,Intermediate,18,enhances,57.087658636299295,37.38771168868359,19.69994694761571,0.09487852956991055
full,Intermediate,19,leveraging,57.22676497471701,37.43902743290686,19.78773754181014,0.087790594194435
full,Intermediate,20,emphasizing,57.39886984721289,37.5279927047578,19.870877142455097,0.08313960064495526
full,Intermediate,21,advancements,57.58474210874074,37.64280690602476,19.941935202715978,0.07105806026087998
full,Intermediate,22,managing,57.95704416369234,37.94795913711329,20.009085026579054,0.06714982386307454
full,Intermediate,23,sustainable,58.40446214357169,38.32996135922212,20.07450078434957,0.06541575777050734
full,Intermediate,24,mitigate,58.761241350673366,38.6262350449895,20.135006305683866,0.06050552133429634
full,Intermediate,25,explores,59.00687886922961,38.81778685062713,20.189092018602476,0.05408571291862214
full,Intermediate,26,incorporating,59.38234106733642,39.14319115597986,20.239149911356556,0.05005789275408755
full,Intermediate,27,underexplored,59.45397599108634,39.16683730706303,20.287138684023308,0.04798877266673864
full,Intermediate,28,necessitating,59.55809631526666,39.22606507142059,20.33203124384607,0.044892559822763925
full,Intermediate,29,mitigating,59.6826044132877,39.309815602728484,20.372788810559218,0.040757566713157535
full,Intermediate,30,introduces,59.84723663132857,39.43499185309177,20.412244778236797,0.039455967677577045
full,Latest,1,across,11.832522395936074,6.019563818421835,5.812958577514238,5.812958577514238
full,Latest,2,remains,20.061069101147623,10.926162645509805,9.134906455637818,3.3219478781235825
full,Latest,3,remain,24.482203215033106,13.454210419725927,11.02799279530718,1.8930863396693567
full,Latest,4,performance,32.05156007345608,19.860541654201114,12.191018419254968,1.1630256239477863
full,Latest,5,framework,34.432195515979885,21.43512357024514,12.997071945734746,0.8060535264797799
full,Latest,6,integrating,35.35523583936136,21.7663045493891,13.588931289972264,0.5918593442375226
full,Latest,7,enabling,36.37636990957002,22.257366776303588,14.119003133266434,0.5300718432941731
full,Latest,8,provides,40.54735636754015,26.07772615734086,14.469630210199291,0.3506270769328475
full,Latest,9,alongside,41.064099938134945,26.2782913722792,14.785808565855746,0.31617835565644714
full,Latest,10,rare,44.06021191919507,28.998632704020544,15.061579215174525,0.27577064931879564
full,Latest,11,integration,44.88982045791867,29.592371374041427,15.29744908387724,0.23586986870270873
full,Latest,12,supporting,45.8475587482868,30.35394826662699,15.49361048165981,0.1961613977825681
full,Latest,13,driven,47.057562660753696,31.410562591833944,15.647000068919754,0.15338958725994514
full,Latest,14,broader,47.432945274742266,31.6546439175109,15.778301357231367,0.13130128831161017
full,Latest,15,substantial,48.54146156154613,32.65654842167561,15.884913139870521,0.1066117826391604
full,Latest,16,thematic,48.91183994476762,32.93243516919922,15.979404775568396,0.09449163569787765
full,Latest,17,achieves,49.115423298676774,33.044799341504145,16.070623957172632,0.09121918160423113
full,Latest,18,preserving,49.38226618665255,33.22533725547756,16.156928931174992,0.08630497400236863
full,Latest,19,gaps,49.825447038926065,33.58749199526089,16.237955043665174,0.08102611249018858
full,Latest,20,favorable,50.599293370974166,34.282918105871374,16.31637526510279,0.07842022143760548
full,Latest,21,integrates,50.746568882300345,34.35480060697782,16.391768275322526,0.07539301021972383
full,Latest,22,narrative,51.03562200854034,34.57586514680956,16.459756861730778,0.06798858640825936
full,Latest,23,enables,51.65216521813113,35.133392838318095,16.518772379813036,0.059015518082264296
full,Latest,24,equitable,51.74860162339453,35.17221118710197,16.57639043629256,0.05761805647951971
full,Latest,25,pronounced,52.19811627611575,35.56641859936115,16.631697676754598,0.05530724046201881
full,Latest,26,equity,52.30455483195746,35.624679838531854,16.67987499342561,0.04817731667101919
full,Latest,27,disrupts,52.42032665786515,35.69408983334633,16.726236824518814,0.046361831093204735
full,Latest,28,proposes,52.660339334391956,35.89020453695914,16.770134797432824,0.04389797291400493
full,Latest,29,prioritize,52.76424964456321,35.952152058237864,16.812097586325347,0.04196278889252788
full,Latest,30,alleviated,53.05564142581903,36.20403301739948,16.851608408419555,0.03951082209421218
