fit,group,word,ranking,month,observed_percent,baseline_percent,excess_pp,relative_frequency,target_word_n,reference_word_n,rank
full,Early,research,absolute,202503,17.75547334595208,10.847941537363951,6.9075318085881285,1.6367596824518522,21957,482617,1
full,Early,additionally,absolute,202503,9.506634427055548,3.1669658773902114,6.339668549665338,3.001811448277947,11928,140896,2
full,Early,crucial,absolute,202503,8.265139906744546,2.546569094075942,5.718570812668603,3.2455981367132964,10098,113295,3
full,Early,various,absolute,202411,11.96689613789263,7.429611679400448,4.5372844584921825,1.6107027734803943,13732,330538,4
full,Early,impact,absolute,202412,11.866533536036696,7.5941232571359345,4.272410278900761,1.5625942764210634,13561,337857,5
full,Early,aims,absolute,202504,7.456985444492298,4.167724037728648,3.289261406763649,1.7892224573861784,9480,185419,6
full,Early,understanding,absolute,202501,9.383078260960628,6.44274450895688,2.940333752003749,1.4563790707385675,11546,286633,7
full,Early,due,absolute,202507,13.641106878505898,10.928747538451407,2.7123593400544905,1.2481857441130741,18948,486212,8
full,Early,explore,absolute,202504,6.585757040516834,3.9311501402473006,2.6546069002695343,1.6752748700924809,8326,174894,9
full,Early,furthermore,absolute,202405,8.911866841493898,6.485428958488194,2.426437883005704,1.3741368379079935,10417,288532,10
full,Early,delves,relative,202404,0.46256976940162764,0.004270692686124092,0.45829907671550363,108.31258613024606,493,190,1
full,Early,delved,relative,202405,0.09683031113001314,0.0023376423124047666,0.09449266881760837,41.42221015429961,114,104,2
full,Early,showcasing,relative,202408,0.282924451611551,0.01112627831384961,0.2717981732977014,25.42848952999642,308,495,3
full,Early,delving,relative,202404,0.07539092067076157,0.002989484880286864,0.07240143579047471,25.218699438121003,81,133,4
full,Early,delve,relative,202405,0.23248952323546498,0.012519872769321682,0.2199696504661433,18.569639445949505,263,557,5
full,Early,boasts,relative,202409,0.0393550984984646,0.0027422342510902064,0.0366128642473744,14.351472155531038,43,122,6
full,Early,meticulously,relative,202411,0.19205134111022323,0.01434053649340616,0.17771080461681707,13.39220057760944,221,638,7
full,Early,commendable,relative,202403,0.061946922737349024,0.004900057924079222,0.0570468648132698,12.642079685004862,69,218,8
full,Early,comprehending,relative,202406,0.14544717335394447,0.013329056646692563,0.1321181167072519,10.91203805409855,159,593,9
full,Early,intricacies,relative,202404,0.15337858587585587,0.014250627173698288,0.13912795870215758,10.762935834777819,167,634,10
full,Intermediate,findings,absolute,202608,29.791516951340718,12.61391791773612,17.177599033604597,2.361797273902631,34898,561184,1
full,Intermediate,while,absolute,202605,27.123793883414,13.753518545033442,13.370275338380559,1.972134897306604,36818,611884,2
full,Intermediate,potential,absolute,202507,26.065686679354993,16.210088410081802,9.855598269273191,1.6079916419915106,36071,721175,3
full,Intermediate,significant,absolute,202504,28.056171241420536,18.466430220140722,9.589741021279814,1.51930670448805,35143,821558,4
full,Intermediate,including,absolute,202605,24.42447014445502,15.695335077424286,8.729135067030736,1.5561611156417088,33065,698274,5
full,Intermediate,key,absolute,202601,14.990351467007265,6.519234862698356,8.471116604308909,2.299403500981196,19593,290036,6
full,Intermediate,strategies,absolute,202603,13.189217840897077,4.953666355955043,8.235551484942032,2.6625163854730904,17706,220385,7
full,Intermediate,particularly,absolute,202605,11.809496237319198,3.6677158335032245,8.141780403815973,3.2198503846573465,16328,163174,8
full,Intermediate,using,absolute,202606,38.99968891571507,31.416541561594517,7.583147354120551,1.241374351764761,56573,1397699,9
full,Intermediate,through,absolute,202608,20.48548973473548,12.941749774720963,7.543739960014517,1.582899537645957,23146,575769,10
full,Intermediate,underscoring,relative,202602,1.7789025320338574,0.056170847487495304,1.7227316845463623,31.66949781966304,2202,2499,1
full,Intermediate,underscores,relative,202509,2.2687687322986165,0.10000164084508467,2.168767091453532,22.68731505929217,2717,4449,2
full,Intermediate,underexplored,relative,202511,0.9769704966221247,0.050349219036410355,0.9266212775857142,19.40388580636419,1269,2240,3
full,Intermediate,excels,relative,202503,0.05936417714295572,0.003304167499264428,0.05606000964369129,17.966455137692424,71,147,4
full,Intermediate,outperforming,relative,202605,0.8696706623978395,0.050551515005753084,0.8191191473920865,17.203651805467462,1156,2249,5
full,Intermediate,surpassing,relative,202507,0.4369604162118688,0.026972795912362693,0.40998762029950614,16.200041613468507,603,1200,6
full,Intermediate,underscore,relative,202510,2.4628749566782715,0.1588472905938893,2.304027666084382,15.5046708538132,3283,7067,7
full,Intermediate,framework's,relative,202605,0.06823379124456247,0.004697761954736501,0.06353602928982596,14.524744314846775,93,209,8
full,Intermediate,excelled,relative,202503,0.04618769435524171,0.0033266448291913975,0.04286104952605032,13.884167600323142,58,148,9
full,Intermediate,transformative,relative,202509,0.6210215925471733,0.04904553390064614,0.5719760586465271,12.6621435869208,732,2182,10
full,Latest,across,absolute,202608,21.90322893824868,6.019563818421835,15.883665119826846,3.6386737642381384,26146,267806,1
full,Latest,remains,absolute,202608,19.384115070179266,5.260998888046489,14.123116182132778,3.6844932840077003,22470,234058,2
full,Latest,remain,absolute,202608,12.74413971783804,2.8995306059191353,9.844609111918906,4.395242351235061,14852,128998,3
full,Latest,limited,absolute,202608,15.408322536168736,5.854962331366642,9.553360204802095,2.6316689440719574,18326,260483,4
full,Latest,framework,absolute,202608,11.732941580723724,2.270614914562545,9.462326666161179,5.167296975579051,13313,101018,5
full,Latest,associated,absolute,202608,30.548458473517726,22.377980128691703,8.170478344826021,1.365112413981918,36418,995580,6
full,Latest,support,absolute,202608,14.14041893732685,6.0002557920145705,8.140163145312279,2.356636021441886,16870,266947,7
full,Latest,whereas,absolute,202608,12.213967276383354,5.051847333076043,7.16211994330731,2.4177229577811357,14826,224753,8
full,Latest,yet,absolute,202608,10.260313139111437,3.3883900545007823,6.871923084610655,3.0280791095708453,11528,150747,9
full,Latest,based,absolute,202606,29.75667800673386,23.165316041373572,6.591361965360287,1.2845358100700213,42263,1030608,10
full,Latest,reframes,relative,202608,0.10057396711940275,0.0011238664963484455,0.0994501006230543,89.48924756292462,114,50,1
full,Latest,resamples,relative,202608,0.14049537438911797,0.0022252556627699216,0.13827011872634806,63.13673378735915,188,99,2
full,Latest,reshapes,relative,202608,0.19621666283226682,0.004428033995612875,0.19178862883665393,44.31236594539941,213,197,3
full,Latest,auditable,relative,202608,0.05038391440106718,0.0013036851357641967,0.04908022926530299,38.64730295596493,60,58,4
full,Latest,synthesizes,relative,202606,1.039146435508687,0.03737979966854929,1.0017666358401376,27.799679097344296,1388,1663,5
full,Latest,synthesises,relative,202608,0.11741114614601147,0.005394559182472538,0.11201658696353893,21.764734091247348,135,240,6
full,Latest,explainability,relative,202607,0.13011250872325908,0.00615878839998948,0.12395372032326961,21.126315806446822,199,274,7
full,Latest,contrastive,relative,202608,0.15196822616696146,0.007552382855461555,0.1444158433114999,20.121891206437535,165,336,8
full,Latest,clearest,relative,202608,0.08963062424664074,0.004697761954736502,0.08493286229190423,19.079430824771993,108,209,9
full,Latest,learnable,relative,202608,0.08376586171324885,0.004495465985393782,0.07927039572785506,18.63341019271695,100,200,10
