period,panel,excess_pp,ci_low,ci_high
2022,Early,4.223981393302097,3.839153846274203,4.6088089403299906
2022,Intermediate,3.3912082336242784,3.0693203539978895,3.7130961132506672
2022,Latest,2.8496078423349362,2.549714952786039,3.1495007318838333
2022,Combined,3.7941539119738223,3.5359985760106074,4.052309247937037
2023_to_Aug2026,Early,12.161383514270424,11.623721842491536,12.699045186049313
2023_to_Aug2026,Intermediate,20.412244778236808,19.97544850114647,20.849041055327145
2023_to_Aug2026,Latest,16.85160840841955,16.462837658089,17.240379158750102
2023_to_Aug2026,Combined,13.82802435890053,13.522694154867253,14.133354562933807
August2026,Early,1.564973947088244,0.8884379339046471,2.241509960271841
August2026,Intermediate,31.150551039579437,30.530789608233555,31.77031247092532
August2026,Latest,37.58832671307459,36.963739134575384,38.2129142915738
August2026,Combined,21.44056291011616,20.99533498639864,21.88579083383368
