group,order,word,selected_in_both_folds
Early,1,research,True
Early,2,crucial,True
Early,3,additionally,True
Early,4,impact,True
Early,5,aims,False
Early,6,utilizing,True
Early,7,holds,True
Early,8,utilized,True
Early,9,impacts,True
Early,10,intricate,True
Early,11,exploration,True
Early,12,constructed,False
Early,13,employing,True
Early,14,utilization,True
Early,15,impacting,True
Early,16,exploring,True
Early,17,alleviate,True
Early,18,utilizes,False
Early,19,experiencing,True
Early,20,prospects,True
Early,21,implementing,True
Early,22,avenue,True
Early,23,predicting,True
Early,24,showcasing,True
Early,25,aiding,True
Early,26,encompassed,False
Early,27,benefiting,True
Early,28,complexities,True
Early,29,harnessing,False
Early,30,delves,False
Intermediate,1,findings,True
Intermediate,2,while,True
Intermediate,3,challenges,True
Intermediate,4,highlights,True
Intermediate,5,insights,True
Intermediate,6,enhance,False
Intermediate,7,highlighting,True
Intermediate,8,enhancing,True
Intermediate,9,notably,True
Intermediate,10,learning,True
Intermediate,11,offering,True
Intermediate,12,offers,True
Intermediate,13,achieving,True
Intermediate,14,underscores,True
Intermediate,15,comprehensive,True
Intermediate,16,underscoring,True
Intermediate,17,notable,True
Intermediate,18,enhances,False
Intermediate,19,leveraging,True
Intermediate,20,emphasizing,True
Intermediate,21,advancements,True
Intermediate,22,managing,True
Intermediate,23,sustainable,True
Intermediate,24,mitigate,True
Intermediate,25,explores,True
Intermediate,26,incorporating,False
Intermediate,27,underexplored,True
Intermediate,28,necessitating,True
Intermediate,29,mitigating,False
Intermediate,30,introduces,True
Latest,1,across,True
Latest,2,remains,True
Latest,3,remain,True
Latest,4,performance,True
Latest,5,framework,True
Latest,6,integrating,True
Latest,7,enabling,True
Latest,8,provides,True
Latest,9,alongside,False
Latest,10,rare,True
Latest,11,integration,True
Latest,12,supporting,True
Latest,13,driven,True
Latest,14,broader,True
Latest,15,substantial,False
Latest,16,thematic,True
Latest,17,achieves,True
Latest,18,preserving,True
Latest,19,gaps,True
Latest,20,favorable,True
Latest,21,integrates,True
Latest,22,narrative,True
Latest,23,enables,False
Latest,24,equitable,True
Latest,25,pronounced,True
Latest,26,equity,True
Latest,27,disrupts,True
Latest,28,proposes,True
Latest,29,prioritize,True
Latest,30,alleviated,False
