month,Early,Intermediate,Latest
202301,0.010384796759874193,-0.19927059094034516,-0.0888280434825882
202302,0.004520657548024248,-0.19921175034063746,-0.08816561332710998
202303,0.0027984864793125924,-0.19772702789001018,-0.08795926914558051
202304,-0.0007569945895803953,-0.18554701543042834,-0.08536196930487483
202305,0.01661246735785607,-0.1809557848708347,-0.07922594889981774
202306,0.01644205687590254,-0.16910260832942697,-0.0827960970199368
202307,0.02741829379232079,-0.15841980281270518,-0.0865395974642472
202308,0.031007235590062854,-0.14811280347547018,-0.08364871078400227
202309,0.04646243554555951,-0.13695803407150686,-0.0868164146554734
202310,0.05618403175141351,-0.11751696942177764,-0.08040494196491764
202311,0.07532701138676712,-0.10363103747568739,-0.07990066316048583
202312,0.07832666256437662,-0.10226589181125245,-0.08935779415909192
202401,0.0905260070356288,-0.07767905787229695,-0.08190801048191612
202402,0.10833503768452948,-0.05697185591842814,-0.0741984652518567
202403,0.10444645641760128,-0.05778400564232439,-0.08442666068988211
202404,0.10281933197679854,-0.0401165998202265,-0.08091902603555821
202405,0.11511665580384034,-0.02521205014068996,-0.07815619549418827
202406,0.10699907445607248,-0.020128749625084326,-0.08028251829693434
202407,0.11707107104228473,-0.014509890835690535,-0.07373477401169544
202408,0.10933072799641477,0.0016756998037223102,-0.07452775249273427
202409,0.09296811736189281,0.00249550093387833,-0.07902773821573109
202410,0.08500063310496625,0.014160720669082725,-0.06588749942606253
202411,0.08142561925710172,0.024618892524470897,-0.07322491338196847
202412,0.06906031398235488,0.034172668682050766,-0.07522060702204092
202501,0.057239379225900625,0.05120893515120896,-0.06200289381241994
202502,0.04425784770317037,0.059189596128485324,-0.06085208773879363
202503,0.033095103156167816,0.06772249576005783,-0.059875950743815506
202504,0.026940274896636793,0.08923336154986185,-0.047280712089888134
202505,-0.0007561729558677732,0.09944914766463223,-0.031164402061120144
202506,-0.021582154982857423,0.1094768203284639,-0.016411308710396835
202507,-0.01900569631046361,0.13544510414307098,0.008220518930969267
202508,-0.03536390158574505,0.12962967725019744,0.022857378581804397
202509,-0.056868225000523895,0.1392419821273866,0.04055350124664597
202510,-0.07236866312281814,0.14076502490932058,0.06871714948801241
202511,-0.0859744421714774,0.14288653432206788,0.08830643071450359
202512,-0.09463616042720571,0.14308027418559366,0.11490301136641473
202601,-0.11364984666009395,0.13256755222226943,0.13456191798477524
202602,-0.13060201507588398,0.12864055429069457,0.16164748672125634
202603,-0.14676388782898514,0.12319682919360939,0.19207349271522617
202604,-0.16630844727992775,0.1098116226096398,0.21787264773460652
202605,-0.17198311439998026,0.1056640114368383,0.2511873495885921
202606,-0.18575595931354114,0.09137723506852588,0.2709186018836029
202607,-0.20014498347189535,0.07044034810856287,0.30465943613287516
202608,-0.2075951215759836,0.04497093766113075,0.3416276562358448
