Replication,Lasso_Nonzero_Count
1,2
2,2
3,5
4,3
5,3
6,3
7,2
8,4
9,3
10,2
11,4
12,3
13,2
14,3
15,4
16,4
17,3
18,2
19,4
20,4
21,4
22,3
23,3
24,2
25,2
26,3
27,1
28,3
29,6
30,5
31,4
32,4
33,6
34,3
35,2
36,3
37,3
38,4
39,3
40,4
41,3
42,2
43,3
44,4
45,3
46,1
47,2
48,2
49,5
50,3
51,3
52,4
53,2
54,5
55,3
56,4
57,4
58,4
59,2
60,4
61,3
62,5
63,5
64,2
65,5
66,1
67,3
68,2
69,5
70,3
71,2
72,2
73,3
74,3
75,1
76,2
77,1
78,3
79,1
80,3
81,5
82,3
83,2
84,4
85,5
86,3
87,4
88,2
89,3
90,4
91,3
92,3
93,2
94,6
95,5
96,4
97,2
98,5
99,3
100,4
101,1
102,2
103,6
104,7
105,3
106,1
107,6
108,2
109,2
110,3
111,4
112,2
113,2
114,3
115,4
116,4
117,2
118,1
119,3
120,3
121,2
122,3
123,4
124,2
125,4
126,2
127,6
128,4
129,2
130,3
131,2
132,6
133,4
134,3
135,2
136,5
137,2
138,2
139,1
140,5
141,4
142,4
143,2
144,2
145,3
146,5
147,2
148,4
149,3
150,3
151,1
152,3
153,2
154,3
155,5
156,1
157,2
158,4
159,3
160,3
161,4
162,2
163,1
164,5
165,3
166,2
167,1
168,3
169,5
170,5
171,4
172,3
173,3
174,2
175,2
176,3
177,2
178,2
179,3
180,3
181,3
182,3
183,1
184,5
185,4
186,3
187,2
188,3
189,2
190,4
191,4
192,1
193,3
194,2
195,3
196,4
197,4
198,3
199,3
200,2
201,4
202,3
203,6
204,3
205,4
206,3
207,5
208,4
209,1
210,1
211,3
212,4
213,4
214,2
215,2
216,4
217,5
218,5
219,3
220,2
221,3
222,1
223,2
224,3
225,4
226,3
227,4
228,2
229,4
230,3
231,2
232,2
233,4
234,3
235,4
236,4
237,3
238,4
239,3
240,3
241,3
242,3
243,2
244,2
245,1
246,2
247,1
248,2
249,3
250,2
251,2
252,1
253,1
254,2
255,5
256,3
257,3
258,3
259,3
260,2
261,3
262,2
263,2
264,2
265,1
266,1
267,3
268,2
269,5
270,4
271,5
272,3
273,3
274,2
275,4
276,5
277,2
278,1
279,4
280,2
281,3
282,2
283,2
284,2
285,4
286,5
287,2
288,2
289,3
290,2
291,2
292,5
293,2
294,5
295,3
296,4
297,2
298,2
299,4
300,5
301,2
302,3
303,4
304,2
305,2
306,4
307,2
308,4
309,2
310,2
311,2
312,4
313,2
314,3
315,4
316,3
317,3
318,2
319,2
320,2
321,2
322,3
323,3
324,4
325,3
326,5
327,2
328,4
329,3
330,2
331,3
332,5
333,3
334,3
335,2
336,2
337,3
338,2
339,6
340,3
341,3
342,5
343,3
344,3
345,2
346,3
347,3
348,3
349,5
350,6
351,3
352,2
353,2
354,2
355,1
356,3
357,3
358,3
359,3
360,2
361,2
362,3
363,2
364,2
365,3
366,4
367,2
368,1
369,4
370,3
371,5
372,4
373,3
374,4
375,3
376,3
377,3
378,3
379,2
380,5
381,2
382,3
383,3
384,4
385,2
386,8
387,4
388,4
389,3
390,4
391,4
392,2
393,2
394,2
395,3
396,4
397,1
398,3
399,3
400,2
401,1
402,3
403,2
404,4
405,4
406,3
407,2
408,2
409,1
410,3
411,3
412,5
413,5
414,1
415,3
416,3
417,3
418,2
419,2
420,3
421,4
422,4
423,4
424,3
425,1
426,1
427,3
428,5
429,6
430,2
431,4
432,2
433,3
434,3
435,5
436,2
437,3
438,4
439,5
440,4
441,4
442,2
443,4
444,2
445,3
446,5
447,2
448,2
449,6
450,5
451,3
452,3
453,4
454,1
455,4
456,3
457,3
458,5
459,3
460,3
461,3
462,3
463,3
464,3
465,4
466,1
467,3
468,5
469,3
470,2
471,3
472,4
473,3
474,2
475,2
476,4
477,2
478,4
479,3
480,2
481,2
482,2
483,3
484,1
485,3
486,4
487,2
488,4
489,1
490,1
491,3
492,1
493,1
494,2
495,1
496,2
497,4
498,3
499,2
500,4
501,3
502,2
503,1
504,3
505,4
506,2
507,3
508,4
509,5
510,5
511,3
512,3
513,3
514,3
515,2
516,3
517,4
518,2
519,3
520,3
521,5
522,3
523,2
524,3
525,4
526,3
527,4
528,4
529,4
530,5
531,2
532,3
533,4
534,2
535,3
536,1
537,2
538,5
539,3
540,4
541,2
542,2
543,3
544,4
545,4
546,5
547,2
548,3
549,2
550,4
551,4
552,4
553,2
554,2
555,1
556,2
557,6
558,3
559,2
560,2
561,4
562,3
563,2
564,3
565,2
566,1
567,3
568,3
569,5
570,3
571,4
572,5
573,1
574,1
575,2
576,3
577,4
578,6
579,2
580,3
581,2
582,1
583,3
584,4
585,2
586,3
587,3
588,3
589,4
590,6
591,4
592,3
593,3
594,1
595,1
596,4
597,3
598,2
599,2
600,2
601,3
602,4
603,1
604,2
605,3
606,2
607,3
608,3
609,3
610,4
611,6
612,2
613,5
614,4
615,4
616,3
617,3
618,2
619,3
620,1
621,7
622,5
623,4
624,2
625,3
626,2
627,4
628,2
629,2
630,2
631,3
632,1
633,4
634,3
635,2
636,3
637,5
638,1
639,2
640,3
641,3
642,3
643,3
644,3
645,2
646,4
647,3
648,2
649,2
650,3
651,2
652,2
653,4
654,4
655,3
656,2
657,2
658,3
659,3
660,3
661,4
662,3
663,1
664,2
665,6
666,3
667,4
668,3
669,5
670,3
671,1
672,2
673,4
674,2
675,3
676,4
677,1
678,2
679,2
680,3
681,4
682,4
683,3
684,2
685,4
686,3
687,3
688,2
689,3
690,9
691,4
692,3
693,3
694,3
695,2
696,3
697,1
698,2
699,3
700,3
701,3
702,3
703,1
704,6
705,1
706,3
707,2
708,4
709,2
710,5
711,2
712,4
713,3
714,5
715,3
716,5
717,4
718,4
719,2
720,4
721,4
722,6
723,3
724,2
725,2
726,2
727,2
728,2
729,3
730,2
731,3
732,3
733,1
734,3
735,3
736,4
737,2
738,3
739,3
740,2
741,1
742,3
743,4
744,1
745,4
746,3
747,3
748,6
749,2
750,2
751,4
752,3
753,3
754,2
755,3
756,6
757,4
758,4
759,3
760,3
761,1
762,4
763,3
764,3
765,3
766,4
767,2
768,2
769,2
770,2
771,4
772,6
773,2
774,3
775,2
776,8
777,3
778,4
779,3
780,2
781,3
782,1
783,3
784,3
785,3
786,1
787,4
788,1
789,3
790,2
791,6
792,5
793,2
794,5
795,1
796,3
797,3
798,1
799,3
800,2
801,5
802,3
803,3
804,4
805,3
806,5
807,3
808,2
809,3
810,5
811,3
812,2
813,4
814,2
815,3
816,3
817,4
818,4
819,3
820,1
821,3
822,6
823,2
824,3
825,1
826,5
827,3
828,3
829,5
830,4
831,3
832,3
833,3
834,1
835,3
836,3
837,3
838,2
839,1
840,1
841,3
842,2
843,4
844,3
845,2
846,2
847,2
848,3
849,3
850,3
851,10
852,2
853,4
854,1
855,5
856,4
857,4
858,4
859,3
860,2
861,1
862,4
863,4
864,1
865,5
866,2
867,3
868,3
869,3
870,3
871,3
872,2
873,3
874,1
875,3
876,3
877,1
878,3
879,4
880,2
881,3
882,1
883,3
884,3
885,4
886,3
887,5
888,6
889,2
890,7
891,2
892,2
893,3
894,3
895,2
896,5
897,3
898,3
899,6
900,3
901,2
902,2
903,2
904,4
905,2
906,2
907,3
908,3
909,2
910,3
911,2
912,4
913,3
914,2
915,2
916,3
917,2
918,2
919,2
920,4
921,3
922,6
923,3
924,5
925,3
926,3
927,5
928,2
929,2
930,3
931,6
932,2
933,3
934,3
935,4
936,5
937,3
938,3
939,2
940,2
941,3
942,2
943,2
944,4
945,3
946,3
947,3
948,4
949,2
950,3
951,5
952,2
953,3
954,4
955,4
956,5
957,3
958,2
959,2
960,2
961,2
962,2
963,4
964,1
965,4
966,4
967,2
968,4
969,5
970,1
971,4
972,4
973,3
974,3
975,2
976,1
977,2
978,5
979,6
980,3
981,3
982,3
983,4
984,5
985,3
986,1
987,1
988,4
989,2
990,3
991,4
992,2
993,1
994,3
995,3
996,5
997,3
998,7
999,3
1000,1
